"2014-02-11 16:36:54","Antwerpen","2140","Antwerpen","Belgie"
"2012-04-02 12:04:43","Amersfoort","3812 PA","Utrecht","Nederland"
"2012-04-02 11:56:52","Gent","9000","Oost-Vlaanderen","Belgie"
"2012-04-02 11:52:06","Zwolle","8012EW","Overijssel","Nederland"
"2012-03-14 12:30:49","ROTTERDAM","3071AL","Zuid-Holland","Nederland"
"2012-01-06 07:40:40","Helmond","5709AH","Noord-Brabant","Nederland"
"2011-12-19 09:18:30","Nijmegen","6826CC","Gelderland","Nederland"
"2011-12-19 09:12:12","Eindhoven","5612 MA","Noord-Brabant","Nederland"
"2011-12-16 10:23:57","Eindhoven","5651 GR","Noord-Brabant","Nederland"
"2011-12-02 13:59:45","Eindhoven","5611 GE","Noord-Brabant","Nederland"
"2011-10-24 08:55:46","Haarlemmermeer","2132HB","Noord-Holland","Nederland"
"2011-04-19 13:58:04","Genk","3600","Limburg","Belgie"
"2011-04-19 13:58:04","Genk","3600","Limburg","Belgie"
"2011-04-19 13:58:04","Halle","1500","Vlaams-Brabant","Belgie"
"2011-04-19 13:58:04","Zoersel","2980","Antwerpen","Belgie"
"2011-04-19 13:58:04","Assebroek","831001","West-Vlaanderen","Belgie"
"2011-04-19 13:58:04","Waarschoot","9950","Oost-Vlaanderen","Belgie"
"2011-04-19 13:58:04","Huizingen","1654","Vlaams-Brabant","Belgie"
"2011-04-19 13:58:04","Beveren-Waas","9120","Oost-Vlaanderen","Belgie"
"2011-04-19 13:58:04","Genk","3600","Limburg","Belgie"
"2011-04-19 13:58:04","Genk","3600","Limburg","Belgie"
"2011-04-19 13:58:04","Genk","3600","Limburg","Belgie"
"2011-04-19 13:58:04","Lot","1651","Vlaams-Brabant","Belgie"
"2011-04-19 13:58:04","Genk","3600","Limburg","Belgie"
"2011-04-19 13:58:04","Lennik","1750","Vlaams-Brabant","Belgie"
"2011-04-19 13:58:04","Sint-Martens-Lennik","175004","Vlaams-Brabant","Belgie"
"2011-04-19 13:58:04","Antwerpen 3","2030","Antwerpen","Belgie"
"2011-04-19 13:58:04","Herenthout","2270","Antwerpen","Belgie"
"2011-04-19 13:58:04","Lummen","3560","Limburg","Belgie"
"2011-04-19 13:58:04","Ieper","8900","West-Vlaanderen","Belgie"
"2011-04-19 13:58:04","Genk","3600","Limburg","Belgie"
"2011-04-19 13:58:04","Schoten","2900","Antwerpen","Belgie"
"2011-04-19 13:58:04","Maasmechelen","3630","Limburg","Belgie"
"2011-04-19 13:58:04","Olen","2250","Antwerpen","Belgie"
"2011-04-19 13:58:04","Sint-Agatha-Berchem","1082","Brussels Hoofdstedelijk Gewest","Belgie"
"2011-04-19 13:58:04","Schorisse","9688","Oost-Vlaanderen","Belgie"
"2011-04-19 13:58:04","Oudenaarde","9700","Oost-Vlaanderen","Belgie"
"2011-04-19 13:58:04","Brussel-Stad","1000","Brussels Hoofdstedelijk Gewest","Belgie"
"2011-04-19 13:58:04","Berchem","2600","Antwerpen","Belgie"
"2011-04-05 10:54:35","Washington","DC20007","Washington","840"
"2011-02-11 13:17:06","Amsterdam","1066HK","Noord-Holland","Nederland"
"2011-02-11 13:17:06","Arnhem","6836MH","Gelderland","Nederland"
"2011-02-11 13:17:06","Nunspeet","8071HE","Gelderland","Nederland"
"2011-02-11 13:17:03","Enschede","7523XZ","Overijssel","Nederland"
"2011-02-11 13:17:03","'s-Gravenhage","2531TG","Zuid-Holland","Nederland"
"2011-02-11 13:17:02","Eindhoven","5623AT","Noord-Brabant","Nederland"
"2011-02-11 13:17:01","Eindhoven","5624AD","Noord-Brabant","Nederland"
"2011-02-11 13:17:00","Leeuwarden","8918CT","Friesland","Nederland"
"2011-02-11 13:16:59","Den Helder","1782MR","Noord-Holland","Nederland"
"2011-02-11 13:16:59","Albrandswaard","3162WD","Zuid-Holland","Nederland"
"2011-02-11 13:16:58","Sittard-Geleen","6135JK","Limburg","Nederland"
"2011-02-11 13:16:56","Amstelveen","1181NC","Noord-Holland","Nederland"
"2011-02-11 13:16:56","Tiel","4001EC","Gelderland","Nederland"
"2011-02-11 13:16:56","Gorinchem","4204RJ","Zuid-Holland","Nederland"
"2011-02-11 13:16:56","Gorinchem","4205XD","Zuid-Holland","Nederland"
"2011-02-11 13:16:55","Delft","2614EP","Zuid-Holland","Nederland"
"2011-02-11 13:16:54","Breda","4813GP","Noord-Brabant","Nederland"
"2011-02-11 13:16:53","Beverwijk","1944TD","Noord-Holland","Nederland"
"2011-02-11 13:16:52","Voorschoten","2251DM","Zuid-Holland","Nederland"
"2011-02-11 13:16:52","Heemstede","2101AJ","Noord-Holland","Nederland"
"2011-02-11 13:16:50","Borne","7622CE","Overijssel","Nederland"
"2011-02-11 13:16:50","Dordrecht","3317AM","Zuid-Holland","Nederland"
"2011-02-11 13:16:50","Schiedam","3112GC","Zuid-Holland","Nederland"
"2011-02-11 13:16:49","Rotterdam","3063JJ","Zuid-Holland","Nederland"
"2011-02-11 13:16:49","Haarlemmermeer","1161AP","Noord-Holland","Nederland"
"2011-02-11 13:16:48","Hilversum","1223EG","Noord-Holland","Nederland"
"2011-02-11 13:16:47","Goes","4481PM","Zeeland","Nederland"
"2011-02-11 13:16:47","Middelburg","4336GN","Zeeland","Nederland"
"2011-02-11 13:16:46","Berkelland","7271NM","Gelderland","Nederland"
"2011-02-10 14:55:52","'s-Gravenhage","2554 EM","Zuid-Holland","Nederland"
"2011-02-04 10:24:12","Curaçao","2010-07-02 07:56:44","Curaçao","531"
"2011-02-03 15:16:11","Zoetermeer","2719SN","Zuid-Holland","Nederland"
"2011-01-24 11:10:41","Hengelo","7554 TA","Overijssel","Nederland"
"2011-01-12 09:35:48","Smallingerland","9202 LS","Friesland","Nederland"
"2010-12-01 20:02:29","Genk","3600","Limburg","Belgie"
"2010-11-13 08:58:38","Dronten","8252GJ","Flevoland","Nederland"
"2010-11-05 14:12:17","Genk","3600","Limburg","Belgie"
"2010-10-01 13:29:06","Bredene","8450","West-Vlaanderen","Belgie"
"2010-07-12 12:01:05","Eindhoven","5611GE","Noord-Brabant","Nederland"
"2010-07-02 07:56:44","Eindhoven","5611GE","Noord-Brabant","Nederland"
"2010-07-02 07:56:44","Oostflakkee","3255BN","Zuid-Holland","Nederland"
"2010-07-02 07:56:44","Overbetuwe","6662VH","Gelderland","Nederland"
"2010-07-02 07:56:44","Middelburg","4337AL","Zeeland","Nederland"
"2010-07-02 07:56:44","Kollumerland c.a.","9298PT","Friesland","Nederland"
"2010-07-02 07:56:44","Amsterdam","1067CR","Noord-Holland","Nederland"
"2010-07-02 07:56:44","Delft","2623MX","Zuid-Holland","Nederland"
"2010-07-02 07:56:44","Amersfoort","3818HA","Utrecht","Nederland"
"2010-07-02 07:56:44","Enkhuizen","1602RW","Noord-Holland","Nederland"
"2010-07-02 07:56:44","Utrechtse Heuvelrug","3958XK","Utrecht","Nederland"
"2010-07-02 07:56:44","Amsterdam","1092SE","Noord-Holland","Nederland"
"2010-07-02 07:56:44","Utrecht","3564XS","Utrecht","Nederland"
"2010-07-02 07:56:44","Helmond","5709BA","Noord-Brabant","Nederland"
"2010-07-02 07:56:44","Deventer","7437AE","Overijssel","Nederland"
"2010-07-02 07:56:44","Sliedrecht","3362GH","Zuid-Holland","Nederland"
"2010-07-02 07:56:44","Assen","9404GD","Drenthe","Nederland"
"2010-07-02 07:56:44","Echt-Susteren","6114KN","Limburg","Nederland"
"2010-07-02 07:56:44","Amersfoort","3813KM","Utrecht","Nederland"
"2010-07-02 07:56:44","Zoeterwoude","2381BT","Zuid-Holland","Nederland"
"2010-07-02 07:56:44","Rotterdam","3074LA","Zuid-Holland","Nederland"
"2010-07-02 07:56:44","Uden","5402GA","Noord-Brabant","Nederland"
"2010-07-02 07:56:44","Rotterdam","3069CA","Zuid-Holland","Nederland"
"2010-07-02 07:56:44","Nijmegen","6531PP","Gelderland","Nederland"
"2010-07-02 07:56:44","Borger-Odoorn","7871TD","Drenthe","Nederland"
"2010-07-02 07:56:44","Landgraaf","6373BJ","Limburg","Nederland"
"2010-07-02 07:56:44","Wijdemeren","1394BD","Noord-Holland","Nederland"
"2010-07-02 07:56:44","Heusden","5252BS","Noord-Brabant","Nederland"
"2010-07-02 07:56:44","Heusden","5256GV","Noord-Brabant","Nederland"
"2010-07-02 07:56:44","Apeldoorn","7339LD","Gelderland","Nederland"
"2010-07-02 07:56:44","Amsterdam","1106HW","Noord-Holland","Nederland"
"2010-07-02 07:56:44","Terneuzen","4532BX","Zeeland","Nederland"
"2010-07-02 07:56:44","Oldambt","9944AB","Groningen","Nederland"
"2010-07-02 07:56:44","Breda","4817NX","Noord-Brabant","Nederland"
"2010-07-02 07:56:44","Nunspeet","8072HH","Gelderland","Nederland"
"2010-07-02 07:56:44","Dordrecht","3314NX","Zuid-Holland","Nederland"
"2010-07-02 07:56:44","Drechterland","1616PD","Noord-Holland","Nederland"
"2010-07-02 07:56:44","Amsterdam","1013WG","Noord-Holland","Nederland"
"2010-07-02 07:56:44","Haarlem","2035VD","Noord-Holland","Nederland"
"2010-07-02 07:56:44","Almere","1325SX","Flevoland","Nederland"
"2010-07-02 07:56:44","Wijchen","6601XR","Gelderland","Nederland"
"2010-07-02 07:56:44","Smallingerland","9201JE","Friesland","Nederland"
"2010-07-02 07:56:44","Oude IJsselstreek","7071ZW","Gelderland","Nederland"
"2010-07-02 07:56:44","Sittard-Geleen","6135CR","Limburg","Nederland"
"2010-07-02 07:56:44","Eindhoven","5642GP","Noord-Brabant","Nederland"
"2010-07-02 07:56:44","Borger-Odoorn","7872PM","Drenthe","Nederland"
"2010-07-02 07:56:44","Rijnwaarden","6915VT","Gelderland","Nederland"
"2010-07-02 07:56:44","Lingewaard","6851LT","Gelderland","Nederland"
"2010-07-02 07:56:44","Heusden","5252AW","Noord-Brabant","Nederland"
"2010-07-02 07:56:44","Amsterdam","1077HA","Noord-Holland","Nederland"
"2010-07-02 07:56:44","Oldambt","9677PA","Groningen","Nederland"
"2010-07-02 07:56:44","Millingen aan de Rijn","6566DV","Gelderland","Nederland"
"2010-07-02 07:56:44","Spijkenisse","3206HJ","Zuid-Holland","Nederland"
"2010-07-02 07:56:44","Rotterdam","3151BT","Zuid-Holland","Nederland"
"2010-07-02 07:56:44","Bergen op Zoom","4611SC","Noord-Brabant","Nederland"
"2010-07-02 07:56:44","Venlo","5913TV","Limburg","Nederland"
"2010-07-02 07:56:44","Schijndel","5481GS","Noord-Brabant","Nederland"
"2010-07-02 07:56:44","Echt-Susteren","6114EA","Limburg","Nederland"
"2010-07-02 07:56:44","Amersfoort","3814RV","Utrecht","Nederland"
"2010-07-02 07:56:44","Heusden","5151ZK","Noord-Brabant","Nederland"
"2010-07-02 07:56:44","Ommen","7734PD","Overijssel","Nederland"
"2010-07-02 07:56:44","Hardenberg","7771CV","Overijssel","Nederland"
"2010-07-02 07:56:44","Breda","4826EN","Noord-Brabant","Nederland"
"2010-07-02 07:56:44","Boxtel","5281JB","Noord-Brabant","Nederland"
"2010-07-02 07:56:44","Rotterdam","3083ZG","Zuid-Holland","Nederland"
"2010-07-02 07:56:44","Amsterdam","1063KX","Noord-Holland","Nederland"
"2010-07-02 07:56:44","De Bilt","3739KM","Utrecht","Nederland"
"2010-07-02 07:56:44","Ommen","7731HJ","Overijssel","Nederland"
"2010-07-02 07:56:44","Ermelo","3853JW","Gelderland","Nederland"
"2010-07-02 07:56:44","Noordoostpolder","8307AX","Flevoland","Nederland"
"2010-07-02 07:56:44","Waalwijk","5161ES","Noord-Brabant","Nederland"
"2010-07-02 07:56:44","Asten","5721VM","Noord-Brabant","Nederland"
"2010-07-02 07:56:44","Brielle","3231XT","Zuid-Holland","Nederland"
"2010-07-02 07:56:44","Leek","9355TG","Groningen","Nederland"
"2010-07-02 07:56:44","Ridderkerk","2983SM","Zuid-Holland","Nederland"
"2010-07-02 07:56:44","Amsterdam","1097DM","Noord-Holland","Nederland"
"2010-07-02 07:56:44","Steenwijkerland","7946LE","Overijssel","Nederland"
"2010-07-02 07:56:44","Schagen","1742JM","Noord-Holland","Nederland"
"2010-07-02 07:56:44","Brunssum","6441CL","Limburg","Nederland"
"2010-07-02 07:56:44","Arnhem","6843JM","Gelderland","Nederland"
"2010-07-02 07:56:44","Borger-Odoorn","7875AD","Drenthe","Nederland"
"2010-07-02 07:56:44","Pijnacker-Nootdorp","2631PT","Zuid-Holland","Nederland"
"2010-07-02 07:56:44","Borne","7623DR","Overijssel","Nederland"
"2010-07-02 07:56:44","Tynaarlo","9484TA","Drenthe","Nederland"
"2010-07-02 07:56:44","Apeldoorn","7333GZ","Gelderland","Nederland"
"2010-07-02 07:56:44","Amsterdam","1057JA","Noord-Holland","Nederland"
"2010-07-02 07:56:44","'s-Gravenhage","2496MT","Zuid-Holland","Nederland"
"2010-07-02 07:56:44","Rotterdam","3053LG","Zuid-Holland","Nederland"
"2010-07-02 07:56:44","Lansingerland","2665TK","Zuid-Holland","Nederland"
"2010-07-02 07:56:44","Bergen (NH)","1871VN","Noord-Holland","Nederland"
"2010-07-02 07:56:44","Helmond","5704HZ","Noord-Brabant","Nederland"
"2010-07-02 07:56:44","Dronten","8251CW","Flevoland","Nederland"
"2010-07-02 07:56:44","Spijkenisse","3208RC","Zuid-Holland","Nederland"
"2010-07-02 07:56:44","Sittard-Geleen","6132CD","Limburg","Nederland"
"2010-07-02 07:56:44","Elburg","8084GK","Gelderland","Nederland"
"2010-07-02 07:56:44","Woerden","3442XH","Utrecht","Nederland"
"2010-07-02 07:56:44","Midden-Delfland","2636GB","Zuid-Holland","Nederland"
"2010-07-02 07:56:44","Heemstede","2102XC","Noord-Holland","Nederland"
"2010-07-02 07:56:44","Dongeradeel","9101WB","Friesland","Nederland"
"2010-07-02 07:56:44","Haarlemmermeer","2141VB","Noord-Holland","Nederland"
"2010-07-02 07:56:44","Vlaardingen","3137LR","Zuid-Holland","Nederland"
"2010-07-02 07:56:44","Utrecht","3544TT","Utrecht","Nederland"
"2010-07-02 07:56:44","Reusel-De Mierden","5541AG","Noord-Brabant","Nederland"
"2010-07-02 07:56:44","Almere","1316EP","Flevoland","Nederland"
"2010-07-02 07:56:44","Amstelveen","1181XW","Noord-Holland","Nederland"
"2010-07-02 07:56:44","Dronten","8251GP","Flevoland","Nederland"
"2010-07-02 07:56:44","Boxmeer","5441AK","Noord-Brabant","Nederland"
"2010-07-02 07:56:44","Uitgeest","1911BS","Noord-Holland","Nederland"
"2010-07-02 07:56:44","Leiderdorp","2353BX","Zuid-Holland","Nederland"
"2010-07-02 07:56:44","Ommen","7731BL","Overijssel","Nederland"
"2010-07-02 07:56:44","Bunschoten","3752KV","Utrecht","Nederland"
"2010-07-02 07:56:44","Heerde","8181XN","Gelderland","Nederland"
"2010-07-02 07:56:44","Rijssen-Holten","7451EV","Overijssel","Nederland"
"2010-07-02 07:56:44","Tilburg","5012TM","Noord-Brabant","Nederland"
"2010-07-02 07:56:44","Boarnsterhim","9005PW","Friesland","Nederland"
"2010-07-02 07:56:44","Leudal","6089ND","Limburg","Nederland"
"2010-07-02 07:56:44","Weststellingwerf","8471PK","Friesland","Nederland"
"2010-07-02 07:56:44","Roosendaal","4707TG","Noord-Brabant","Nederland"
"2010-07-02 07:56:44","Amsterdam","1108EL","Noord-Holland","Nederland"
"2010-07-02 07:56:44","Kapelle","4424EL","Zeeland","Nederland"
"2010-07-02 07:56:44","Weesp","1383EA","Noord-Holland","Nederland"
"2010-07-02 07:56:44","Lelystad","8243CA","Flevoland","Nederland"
"2010-07-02 07:56:44","Rijnwaarden","6916CD","Gelderland","Nederland"
"2010-07-02 07:56:44","Nijkerk","3864EV","Gelderland","Nederland"
"2010-07-02 07:56:44","Heusden","5251ER","Noord-Brabant","Nederland"
"2010-07-02 07:56:44","Dongen","5102DC","Noord-Brabant","Nederland"
"2010-07-02 07:56:44","Sittard-Geleen","6135GC","Limburg","Nederland"
"2010-07-02 07:56:44","Nieuwegein","3435EP","Utrecht","Nederland"
"2010-07-02 07:56:44","Apeldoorn","7316DK","Gelderland","Nederland"
"2010-07-02 07:56:44","Brielle","3231XB","Zuid-Holland","Nederland"
"2010-07-02 07:56:44","Woerden","3481VH","Utrecht","Nederland"
"2010-07-02 07:56:44","Bladel","5531EH","Noord-Brabant","Nederland"
"2010-07-02 07:56:44","Kampen","8262SX","Overijssel","Nederland"
"2010-07-02 07:56:44","Almelo","7607NM","Overijssel","Nederland"
"2010-07-02 07:56:44","Rheden","6883ES","Gelderland","Nederland"
"2010-07-02 07:56:44","Giessenlanden","4223NJ","Zuid-Holland","Nederland"
"2010-07-02 07:56:44","Slochteren","9939PC","Groningen","Nederland"
"2010-07-02 07:56:44","Echt-Susteren","6101NM","Limburg","Nederland"
"2010-07-02 07:56:44","Korendijk","3284XD","Zuid-Holland","Nederland"
"2010-07-02 07:56:44","De Bilt","3732AN","Utrecht","Nederland"
"2010-07-02 07:56:44","het Bildt","9077SR","Friesland","Nederland"
"2010-07-02 07:56:44","Lingewaal","4161AR","Gelderland","Nederland"
"2010-07-02 07:56:44","Stadskanaal","9501WD","Groningen","Nederland"
"2010-07-02 07:56:44","Schiedam","3121XP","Zuid-Holland","Nederland"
"2010-07-02 07:56:44","Goedereede","3252AH","Zuid-Holland","Nederland"
"2010-07-02 07:56:44","Rotterdam","3076GE","Zuid-Holland","Nederland"
"2010-07-02 07:56:44","Roermond","6043HK","Limburg","Nederland"
"2010-07-02 07:56:44","Overbetuwe","6675BB","Gelderland","Nederland"
"2010-07-02 07:56:44","Beverwijk","1947ZB","Noord-Holland","Nederland"
"2010-07-02 07:56:44","Zwolle","8014LA","Overijssel","Nederland"
"2010-07-02 07:56:44","Amsterdam","1071CW","Noord-Holland","Nederland"
"2010-07-02 07:56:44","Ermelo","3851BH","Gelderland","Nederland"
"2010-07-02 07:56:44","Medemblik","1674NP","Noord-Holland","Nederland"
"2010-07-02 07:56:44","Zwijndrecht","3334EH","Zuid-Holland","Nederland"
"2010-07-02 07:56:44","Albrandswaard","3161XB","Zuid-Holland","Nederland"
"2010-07-02 07:56:44","Haarlemmermeer","2135HA","Noord-Holland","Nederland"
"2010-07-02 07:56:44","Stein","6171HK","Limburg","Nederland"
"2010-07-02 07:56:44","Stein","6181EN","Limburg","Nederland"
"2010-07-02 07:56:44","Goes","4462LB","Zeeland","Nederland"
"2010-07-02 07:56:44","Amsterdam","1102JA","Noord-Holland","Nederland"
"2010-07-02 07:56:44","Dordrecht","3311XD","Zuid-Holland","Nederland"
"2010-07-02 07:56:44","Opsterland","9249NJ","Friesland","Nederland"
"2010-07-02 07:56:44","Eindhoven","9999DE","Noord-Brabant","Nederland"
"2010-07-02 07:56:44","Baarn","3741AT","Utrecht","Nederland"
"2010-07-02 07:56:44","Putten","3882GN","Gelderland","Nederland"
"2010-07-02 07:56:44","Beuningen","6641SJ","Gelderland","Nederland"
"2010-07-02 07:56:44","Geldrop-Mierlo","5665GX","Noord-Brabant","Nederland"
"2010-07-02 07:56:44","Ermelo","3852NH","Gelderland","Nederland"
"2010-07-02 07:56:44","Dantumadiel","9108MC","Friesland","Nederland"
"2010-07-02 07:56:44","Arnhem","6835CD","Gelderland","Nederland"
"2010-07-02 07:56:44","Vlaardingen","3134JJ","Zuid-Holland","Nederland"
"2010-07-02 07:56:44","Schermer","1636XC","Noord-Holland","Nederland"
"2010-07-02 07:56:44","Nunspeet","8071DN","Gelderland","Nederland"
"2010-07-02 07:56:44","'s-Gravenhage","2516PV","Zuid-Holland","Nederland"
"2010-07-02 07:56:44","Ede","6717GL","Gelderland","Nederland"
"2010-07-02 07:56:44","Menaldumadeel","9035ED","Friesland","Nederland"
"2010-07-02 07:56:44","Kerkrade","6463VZ","Limburg","Nederland"
"2010-07-02 07:56:44","Amsterdam","1057VS","Noord-Holland","Nederland"
"2010-07-02 07:56:44","Zeewolde","3893BE","Flevoland","Nederland"
"2010-07-02 07:56:44","Eindhoven","5611 GE","Noord-Brabant","Nederland"
"2010-07-02 07:56:44","Epe","8172VT","Gelderland","Nederland"
"2010-07-02 07:56:44","Berkelland","7161HG","Gelderland","Nederland"
"2010-07-02 07:56:44","Dinkelland","7631GR","Overijssel","Nederland"
"2010-07-02 07:56:44","Bergambacht","2861XT","Zuid-Holland","Nederland"
"2010-07-02 07:56:44","Zevenaar","6987AD","Gelderland","Nederland"
"2010-07-02 07:56:44","Oirschot","5688NM","Noord-Brabant","Nederland"
"2010-07-02 07:56:44","Aalsmeer","1433AN","Noord-Holland","Nederland"
"2010-07-02 07:56:44","Zwijndrecht","3332RG","Zuid-Holland","Nederland"
"2010-07-02 07:56:44","Haren","9753AA","Groningen","Nederland"
"2010-07-02 07:56:44","Den Helder","1784MA","Noord-Holland","Nederland"
"2010-07-02 07:56:44","Zuidplas","2912CR","Zuid-Holland","Nederland"
"2010-07-02 07:56:44","Utrecht","3554VZ","Utrecht","Nederland"
"2010-07-02 07:56:44","Nijmegen","6546HC","Gelderland","Nederland"
"2010-07-02 07:56:44","Assen","9407EA","Drenthe","Nederland"
"2010-07-02 07:56:44","Leeuwarden","8918CT","Friesland","Nederland"
"2010-07-02 07:56:44","Giessenlanden","4241CA","Zuid-Holland","Nederland"
"2010-07-02 07:56:44","Breda","4818RJ","Noord-Brabant","Nederland"
"2010-07-02 07:56:44","Sittard-Geleen","6134TH","Limburg","Nederland"
"2010-07-02 07:56:44","Heerhugowaard","1705SP","Noord-Holland","Nederland"
"2010-07-02 07:56:44","Middelharnis","3241AD","Zuid-Holland","Nederland"
"2010-07-02 07:56:44","Oldambt","9673GV","Groningen","Nederland"
"2010-07-02 07:56:44","Ermelo","3851ZK","Gelderland","Nederland"
"2010-07-02 07:56:44","Steenbergen","4655AB","Noord-Brabant","Nederland"
"2010-07-02 07:56:44","Oost Gelre","7131HB","Gelderland","Nederland"
"2010-07-02 07:56:44","Deventer","7423DS","Overijssel","Nederland"
"2010-07-02 07:56:44","Amsterdam","1057VB","Noord-Holland","Nederland"
"2010-07-02 07:56:44","Leeuwarden","8932BR","Friesland","Nederland"
"2010-07-02 07:56:44","Enschede","7545ZC","Overijssel","Nederland"
"2010-07-02 07:56:44","Soest","3766HH","Utrecht","Nederland"
"2010-07-02 07:56:44","Eindhoven","5652EN","Noord-Brabant","Nederland"
"2010-07-02 07:56:44","Zaanstad","1504BA","Noord-Holland","Nederland"
"2010-07-02 07:56:44","Peel en Maas","5988ED","Limburg","Nederland"
"2010-07-02 07:56:44","Zederik","4245KR","Zuid-Holland","Nederland"
"2010-07-02 07:56:44","Best","5685GW","Noord-Brabant","Nederland"
"2010-07-02 07:56:44","Aalten","7091XC","Gelderland","Nederland"
"2010-07-02 07:56:44","Rotterdam","3086LW","Zuid-Holland","Nederland"
"2010-07-02 07:56:44","Utrecht","3571EL","Utrecht","Nederland"
"2010-07-02 07:56:44","Roerdalen","6074AG","Limburg","Nederland"
"2010-07-02 07:56:44","Rotterdam","3054EX","Zuid-Holland","Nederland"
"2010-07-02 07:56:44","Montferland","7035AR","Gelderland","Nederland"
"2010-07-02 07:56:44","Amsterdam","1035VR","Noord-Holland","Nederland"
"2010-07-02 07:56:44","Soest","3765EN","Utrecht","Nederland"
"2010-07-02 07:56:44","Heusden","5151CK","Noord-Brabant","Nederland"
"2010-07-02 07:56:44","Eindhoven","5654PA","Noord-Brabant","Nederland"
"2010-07-02 07:56:44","Schouwen-Duiveland","4311ED","Zeeland","Nederland"
"2010-07-02 07:56:44","Tiel","4003AL","Gelderland","Nederland"
"2010-07-02 07:56:44","Hoorn","1628ME","Noord-Holland","Nederland"
"2010-07-02 07:56:44","Schijndel","5482SX","Noord-Brabant","Nederland"
"2010-07-02 07:56:44","Hardenberg","7776BA","Overijssel","Nederland"
"2010-07-02 07:56:44","Zaanstad","1508AW","Noord-Holland","Nederland"
"2010-07-02 07:56:44","Aalsmeer","1433WB","Noord-Holland","Nederland"
"2010-07-02 07:56:44","Waddinxveen","2743CR","Zuid-Holland","Nederland"
"2010-07-02 07:56:44","Hoogezand-Sappemeer","9602EN","Groningen","Nederland"
"2010-07-02 07:56:44","Haarlem","2034BC","Noord-Holland","Nederland"
"2010-07-02 07:56:44","Ede","6718GG","Gelderland","Nederland"
"2010-07-02 07:56:44","Eijsden","6245EH","Limburg","Nederland"
"2010-07-02 07:56:44","Castricum","1906XC","Noord-Holland","Nederland"
"2010-07-02 07:56:44","Wierden","7641EX","Overijssel","Nederland"
"2010-07-02 07:56:44","Noordenveld","9301PK","Drenthe","Nederland"
"2010-07-02 07:56:44","Stede Broec","1613EV","Noord-Holland","Nederland"
"2010-07-02 07:56:44","Amsterdam","1068MR","Noord-Holland","Nederland"
"2010-07-02 07:56:44","Meppel","7941CN","Drenthe","Nederland"
"2010-07-02 07:56:44","Losser","7588RG","Overijssel","Nederland"
"2010-07-02 07:56:44","Borsele","4441AN","Zeeland","Nederland"
"2010-07-02 07:56:44","Eindhoven","5644PK","Noord-Brabant","Nederland"
"2010-07-02 07:56:44","Boxtel","5283EE","Noord-Brabant","Nederland"
"2010-07-02 07:56:44","Velsen","1991ET","Noord-Holland","Nederland"
"2010-07-02 07:56:44","Bronckhorst","7025AG","Gelderland","Nederland"
"2010-07-02 07:56:44","Schiedam","3112ZM","Zuid-Holland","Nederland"
"2010-07-02 07:56:44","Borger-Odoorn","7876GW","Drenthe","Nederland"
"2010-07-02 07:56:44","Apeldoorn","7322BN","Gelderland","Nederland"
"2010-07-02 07:56:44","Edam-Volendam","1131BJ","Noord-Holland","Nederland"
"2010-07-02 07:56:44","Ede","6712DA","Gelderland","Nederland"
"2010-07-02 07:56:44","Wijk bij Duurstede","3962JD","Utrecht","Nederland"
"2010-07-02 07:56:44","Lelystad","8245ER","Flevoland","Nederland"
"2010-07-02 07:56:44","Heerhugowaard","1705NP","Noord-Holland","Nederland"
"2010-07-02 07:56:44","Sittard-Geleen","6166XM","Limburg","Nederland"
"2010-07-02 07:56:44","Breda","4815BC","Noord-Brabant","Nederland"
"2010-07-02 07:56:44","Rotterdam","3068SN","Zuid-Holland","Nederland"
"2010-07-02 07:56:44","Zoetermeer","2728AG","Zuid-Holland","Nederland"
"2010-07-02 07:56:44","Gennep","6591JE","Limburg","Nederland"
"2010-07-02 07:56:44","Sittard-Geleen","6125BL","Limburg","Nederland"
"2010-07-02 07:56:44","Zwolle","8014GM","Overijssel","Nederland"
"2010-07-02 07:56:44","Lith","5396PP","Noord-Brabant","Nederland"
"2010-07-02 07:56:44","IJsselstein","3401GX","Utrecht","Nederland"
"2010-07-02 07:56:44","Helmond","5702PT","Noord-Brabant","Nederland"
"2010-07-02 07:56:44","Leidschendam-Voorburg","2272EB","Zuid-Holland","Nederland"
"2010-07-02 07:56:44","Kampen","8271EM","Overijssel","Nederland"
"2010-07-02 07:56:44","Oude IJsselstreek","7081DP","Gelderland","Nederland"
"2010-07-02 07:56:44","Waalwijk","5161AE","Noord-Brabant","Nederland"
"2010-07-02 07:56:44","Bunschoten","3752VG","Utrecht","Nederland"
"2010-07-02 07:56:44","Tilburg","5021AN","Noord-Brabant","Nederland"
"2010-07-02 07:56:44","Emmen","7881KS","Drenthe","Nederland"
"2010-07-02 07:56:44","Eindhoven","5626BB","Noord-Brabant","Nederland"
"2010-07-02 07:56:44","Velsen","1991LB","Noord-Holland","Nederland"
"2010-07-02 07:56:44","Beek","6191TR","Limburg","Nederland"
"2010-07-02 07:56:44","Zwartewaterland","8281EA","Overijssel","Nederland"
"2010-07-02 07:56:44","Arnhem","6834CZ","Gelderland","Nederland"
"2010-07-02 07:56:44","Spijkenisse","3205TG","Zuid-Holland","Nederland"
"2010-07-02 07:56:44","Borsele","4453AK","Zeeland","Nederland"
"2010-07-02 07:56:44","Hoogeveen","7933PG","Drenthe","Nederland"
"2010-07-02 07:56:44","Gaasterlân-Sleat","8567LC","Friesland","Nederland"
"2010-07-02 07:56:44","Vianen","4133EA","Utrecht","Nederland"
"2010-07-02 07:56:44","Rotterdam","3025NH","Zuid-Holland","Nederland"
"2010-07-02 07:56:44","Heumen","6581TC","Gelderland","Nederland"
"2010-07-02 07:56:44","Utrecht","3552CC","Utrecht","Nederland"
"2010-07-02 07:56:44","Rotterdam","3075BN","Zuid-Holland","Nederland"
"2010-07-02 07:56:44","Beek","6176BZ","Limburg","Nederland"
"2010-07-02 07:56:44","Tilburg","5071AC","Noord-Brabant","Nederland"
"2010-07-02 07:56:44","Westvoorne","3235BR","Zuid-Holland","Nederland"
"2010-07-02 07:56:44","De Wolden","7958SM","Drenthe","Nederland"
"2010-07-02 07:56:44","Rotterdam","3079PM","Zuid-Holland","Nederland"
"2010-07-02 07:56:44","Boxmeer","5831JV","Noord-Brabant","Nederland"
"2010-07-02 07:56:44","Enschede","7511ZG","Overijssel","Nederland"
"2010-07-02 07:56:44","Veldhoven","5502JT","Noord-Brabant","Nederland"
"2010-07-02 07:56:44","Lingewaard","6852DW","Gelderland","Nederland"
"2010-07-02 07:56:44","Oldenzaal","7576AG","Overijssel","Nederland"
"2010-07-02 07:56:44","Valkenswaard","5551AV","Noord-Brabant","Nederland"
"2010-07-02 07:56:44","Wieringermeer","1775AX","Noord-Holland","Nederland"
"2010-07-02 07:56:44","Eindhoven","5652NJ","Noord-Brabant","Nederland"
"2010-07-02 07:56:44","Leiden","2321SK","Zuid-Holland","Nederland"
"2010-07-02 07:56:44","Baarle-Nassau","5111XP","Noord-Brabant","Nederland"
"2010-07-02 07:56:44","Haarlem","2011KZ","Noord-Holland","Nederland"
"2010-07-02 07:56:44","Assen","9403GN","Drenthe","Nederland"
"2010-07-02 07:56:44","Middelburg","4335XG","Zeeland","Nederland"
"2010-07-02 07:56:44","Rijswijk","2286MV","Zuid-Holland","Nederland"
"2010-07-02 07:56:44","Groningen","9733EB","Groningen","Nederland"
"2010-07-02 07:56:44","Assen","9403LT","Drenthe","Nederland"
"2010-07-02 07:56:44","Haarlemmermeer","2152TB","Noord-Holland","Nederland"
"2010-07-02 07:56:44","Zwolle","8019BR","Overijssel","Nederland"
"2010-07-02 07:56:44","Nijmegen","6522JV","Gelderland","Nederland"
"2010-07-02 07:56:44","Almere","1316KX","Flevoland","Nederland"
"2010-07-02 07:56:44","Ridderkerk","2986JA","Zuid-Holland","Nederland"
"2010-07-02 07:56:44","Geldermalsen","4191EE","Gelderland","Nederland"
"2010-07-02 07:56:44","Rotterdam","3078KJ","Zuid-Holland","Nederland"
"2010-07-02 07:56:44","Haarlemmermeer","2152TB","Noord-Holland","Nederland"
"2010-07-02 07:56:44","Texel","1796AH","Noord-Holland","Nederland"
"2010-07-02 07:56:44","Stein","6171NR","Limburg","Nederland"
"2010-07-02 07:56:44","Ommen","7731TT","Overijssel","Nederland"
"2010-07-02 07:56:44","Zwolle","8014GM","Overijssel","Nederland"
"2010-07-02 07:56:44","Zwolle","8043PD","Overijssel","Nederland"
"2010-07-02 07:56:44","Amsterdam","1102AM","Noord-Holland","Nederland"
"2010-07-02 07:56:44","Wijdemeren","1241BE","Noord-Holland","Nederland"
"2010-07-02 07:56:44","Tynaarlo","9471EB","Drenthe","Nederland"
"2010-07-02 07:56:44","Alphen aan den Rijn","2406BB","Zuid-Holland","Nederland"
"2010-07-02 07:56:44","Haarlemmermeer","2153GB","Noord-Holland","Nederland"
"2010-07-02 07:56:44","Utrecht","3513GV","Utrecht","Nederland"
"2010-07-02 07:56:44","Heusden","5254JE","Noord-Brabant","Nederland"
"2010-07-02 07:56:44","Schouwen-Duiveland","4307BP","Zeeland","Nederland"
"2010-07-02 07:56:44","Delft","2612SP","Zuid-Holland","Nederland"
"2010-07-02 07:56:44","Amsterdam","1102AM","Noord-Holland","Nederland"
"2010-07-02 07:56:44","Doetinchem","7002LN","Gelderland","Nederland"
"2010-07-02 07:56:44","Zoeterwoude","2381EA","Zuid-Holland","Nederland"
"2010-07-02 07:56:44","Schijndel","5482HA","Noord-Brabant","Nederland"
"2010-07-02 07:56:44","Amsterdam","1095VX","Noord-Holland","Nederland"
"2010-07-02 07:56:44","Smallingerland","9207BK","Friesland","Nederland"
"2010-07-02 07:56:44","Amsterdam","1098KB","Noord-Holland","Nederland"
"2010-07-02 07:56:44","Noordenveld","9331AV","Drenthe","Nederland"
"2010-07-02 07:56:44","Heemstede","2105TC","Noord-Holland","Nederland"
"2010-07-02 07:56:44","Overbetuwe","6666CR","Gelderland","Nederland"
"2010-07-02 07:56:44","Schijndel","5482MC","Noord-Brabant","Nederland"
"2010-07-02 07:56:44","Almere","1353JJ","Flevoland","Nederland"
"2010-07-02 07:56:44","Tilburg","5014BW","Noord-Brabant","Nederland"
"2010-07-02 07:56:44","Gorinchem","4207GG","Zuid-Holland","Nederland"
"2010-07-02 07:56:44","Amersfoort","3818RL","Utrecht","Nederland"
"2010-07-02 07:56:44","Hoogeveen","7906AN","Drenthe","Nederland"
"2010-07-02 07:56:44","Eindhoven","5627NC","Noord-Brabant","Nederland"
"2010-07-02 07:56:44","Hilversum","1213CT","Noord-Holland","Nederland"
"2010-07-02 07:56:44","Leerdam","4145MP","Zuid-Holland","Nederland"
"2010-07-02 07:56:44","Stadskanaal","9584TA","Groningen","Nederland"
"2010-07-02 07:56:44","Barneveld","3771CT","Gelderland","Nederland"
"2010-07-02 07:56:44","Eindhoven","5632DG","Noord-Brabant","Nederland"
"2010-07-02 07:56:44","Bunschoten","3752XK","Utrecht","Nederland"
"2010-07-02 07:56:44","Stein","6129PR","Limburg","Nederland"
"2010-07-02 07:56:44","Dronten","8256AA","Flevoland","Nederland"
"2010-07-02 07:56:44","Utrecht","3532HK","Utrecht","Nederland"
"2010-07-02 07:56:44","'s-Gravenhage","2517RA","Zuid-Holland","Nederland"
"2010-07-02 07:56:44","Goes","4461RE","Zeeland","Nederland"
"2010-07-02 07:56:44","Hoogeveen","7914PN","Drenthe","Nederland"
"2010-07-02 07:56:44","Echt-Susteren","6116BR","Limburg","Nederland"
"2010-07-02 07:56:44","Strijen","3291GJ","Zuid-Holland","Nederland"
"2010-07-02 07:56:44","'s-Hertogenbosch","5224BD","Noord-Brabant","Nederland"
"2010-07-02 07:56:44","Rijssen-Holten","7462HN","Overijssel","Nederland"
"2010-07-02 07:56:44","Goedereede","3251AZ","Zuid-Holland","Nederland"
"2010-07-02 07:56:44","Tilburg","5021XA","Noord-Brabant","Nederland"
"2010-07-02 07:56:44","Dalfsen","7722ST","Overijssel","Nederland"
"2010-07-02 07:56:44","Slochteren","9626AX","Groningen","Nederland"
"2010-07-02 07:56:44","Deurne","5753GN","Noord-Brabant","Nederland"
"2010-07-02 07:56:44","Dirksland","3247XW","Zuid-Holland","Nederland"
"2010-07-02 07:56:44","Almere","1312XE","Flevoland","Nederland"
"2010-07-02 07:56:44","Leeuwarden","8939CR","Friesland","Nederland"
"2010-07-02 07:56:44","Hoogeveen","7914PB","Drenthe","Nederland"
"2010-07-02 07:56:44","Drechterland","1617KD","Noord-Holland","Nederland"
"2010-07-02 07:56:44","Helmond","5706VS","Noord-Brabant","Nederland"
"2010-07-02 07:56:44","Achtkarspelen","9285PA","Friesland","Nederland"
"2010-07-02 07:56:44","Putten","3882HH","Gelderland","Nederland"
"2010-07-02 07:56:44","Beverwijk","1944HJ","Noord-Holland","Nederland"
"2010-07-02 07:56:44","Winsum","9951VZ","Groningen","Nederland"
"2010-07-02 07:56:44","Heerlen","6414BT","Limburg","Nederland"
"2010-07-02 07:56:44","Rotterdam","3031XH","Zuid-Holland","Nederland"
"2010-07-02 07:56:44","Eindhoven","5625CV","Noord-Brabant","Nederland"
"2010-07-02 07:56:44","Leudal","6085AT","Limburg","Nederland"
"2010-07-02 07:56:44","Gilze en Rijen","5121CA","Noord-Brabant","Nederland"
"2010-07-02 07:56:44","Heiloo","1852WS","Noord-Holland","Nederland"
"2010-07-02 07:56:44","Waterland","1452XH","Noord-Holland","Nederland"
"2010-07-02 07:56:44","Dronten","8251VX","Flevoland","Nederland"
"2010-07-02 07:56:44","Leeuwarden","8935LW","Friesland","Nederland"
"2010-07-02 07:56:44","Schinnen","6438GG","Limburg","Nederland"
"2010-07-02 07:56:44","Beuningen","6642AB","Gelderland","Nederland"
"2010-07-02 07:56:44","Ede","6741BA","Gelderland","Nederland"
"2010-07-02 07:56:44","Schiedam","3116EX","Zuid-Holland","Nederland"
"2010-07-02 07:56:44","Goes","4471CN","Zeeland","Nederland"
"2010-07-02 07:56:44","Leiden","2324ER","Zuid-Holland","Nederland"
"2010-07-02 07:56:44","Vianen","4131AB","Utrecht","Nederland"
"2010-07-02 07:56:44","Hilvarenbeek","5081JV","Noord-Brabant","Nederland"
"2010-07-02 07:56:44","Haarlemmermeer","1161VW","Noord-Holland","Nederland"
"2010-07-02 07:56:44","Echt-Susteren","6118AT","Limburg","Nederland"
"2010-07-02 07:56:44","Schagen","1741TG","Noord-Holland","Nederland"
"2010-07-02 07:56:44","Rheden","6882GZ","Gelderland","Nederland"
"2010-07-02 07:56:44","Zaltbommel","5301DB","Gelderland","Nederland"
"2010-07-02 07:56:44","Midden-Delfland","3155BM","Zuid-Holland","Nederland"
"2010-07-02 07:56:44","Boarnsterhim","9011VR","Friesland","Nederland"
"2010-07-02 07:56:44","Amsterdam","1025PZ","Noord-Holland","Nederland"
"2010-07-02 07:56:44","Den Helder","1782TC","Noord-Holland","Nederland"
"2010-07-02 07:56:44","Nijefurd","8711GC","Friesland","Nederland"
"2010-07-02 07:56:44","Hendrik-Ido-Ambacht","3343CB","Zuid-Holland","Nederland"
"2010-07-02 07:56:44","Zoetermeer","2718JT","Zuid-Holland","Nederland"
"2010-07-02 07:56:44","Gouda","2803EL","Zuid-Holland","Nederland"
"2010-07-02 07:56:44","Schinnen","6155KL","Limburg","Nederland"
"2010-07-02 07:56:44","Maarssen","3607CH","Utrecht","Nederland"
"2010-07-02 07:56:44","Nijmegen","6522HE","Gelderland","Nederland"
"2010-07-02 07:56:44","Arnhem","6821CK","Gelderland","Nederland"
"2010-07-02 07:56:44","Steenwijkerland","8325EV","Overijssel","Nederland"
"2010-07-02 07:56:44","Buren","4024HM","Gelderland","Nederland"
"2010-07-02 07:56:44","Elburg","8081XX","Gelderland","Nederland"
"2010-07-02 07:56:44","Delft","2613VX","Zuid-Holland","Nederland"
"2010-07-02 07:56:44","'s-Hertogenbosch","5216CD","Noord-Brabant","Nederland"
"2010-07-02 07:56:44","Beek","6191EK","Limburg","Nederland"
"2010-07-02 07:56:44","Voorst","7383CB","Gelderland","Nederland"
"2010-07-02 07:56:44","De Ronde Venen","3641ZE","Utrecht","Nederland"
"2010-07-02 07:56:44","Zutphen","7232BD","Gelderland","Nederland"
"2010-07-02 07:56:44","Woerden","3448TH","Utrecht","Nederland"
"2010-07-02 07:56:44","De Wolden","7961LS","Drenthe","Nederland"
"2010-07-02 07:56:44","Breda","4818GD","Noord-Brabant","Nederland"
"2010-07-02 07:56:44","Amsterdam","1064CE","Noord-Holland","Nederland"
"2010-07-02 07:56:44","Gilze en Rijen","5121EG","Noord-Brabant","Nederland"
"2010-07-02 07:56:44","Arnhem","6846HR","Gelderland","Nederland"
"2010-07-02 07:56:44","Zijpe","1754JJ","Noord-Holland","Nederland"
"2010-07-02 07:56:44","Barneveld","3772AV","Gelderland","Nederland"
"2010-07-02 07:56:44","Katwijk","2225SW","Zuid-Holland","Nederland"
"2010-07-02 07:56:44","Borger-Odoorn","9521GW","Drenthe","Nederland"
"2010-07-02 07:56:44","Uithoorn","1423ET","Noord-Holland","Nederland"
"2010-07-02 07:56:44","Zwolle","8022DZ","Overijssel","Nederland"
"2010-07-02 07:56:44","Lelystad","8243TC","Flevoland","Nederland"
"2010-07-02 07:56:44","Helmond","5707RM","Noord-Brabant","Nederland"
"2010-07-02 07:56:44","Moerdijk","4758BH","Noord-Brabant","Nederland"
"2010-07-02 07:56:44","Tilburg","5014HZ","Noord-Brabant","Nederland"
"2010-07-02 07:56:44","Utrecht","3562CP","Utrecht","Nederland"
"2010-07-02 07:56:44","Rotterdam","3028HW","Zuid-Holland","Nederland"
"2010-07-02 07:56:44","Aalten","7121EM","Gelderland","Nederland"
"2010-07-02 07:56:44","Boekel","5428GL","Noord-Brabant","Nederland"
"2010-07-02 07:56:44","Assen","9405HX","Drenthe","Nederland"
"2010-07-02 07:56:44","Graafstroom","2969BG","Zuid-Holland","Nederland"
"2010-07-02 07:56:44","Bernheze","5384ES","Noord-Brabant","Nederland"
"2010-07-02 07:56:44","Helmond","5709HD","Noord-Brabant","Nederland"
"2010-07-02 07:56:44","Oosterhout","4908CA","Noord-Brabant","Nederland"
"2010-07-02 07:56:44","Amsterdam","1066KK","Noord-Holland","Nederland"
"2010-07-02 07:56:44","Groesbeek","6561KE","Gelderland","Nederland"
"2010-07-02 07:56:44","Sittard-Geleen","6127BC","Limburg","Nederland"
"2010-07-02 07:56:44","Bunnik","3981GJ","Utrecht","Nederland"
"2010-07-02 07:56:44","Venray","5803HE","Limburg","Nederland"
"2010-07-02 07:56:44","Wijchen","6605XH","Gelderland","Nederland"
"2010-07-02 07:56:44","Lelystad","8223EX","Flevoland","Nederland"
"2010-07-02 07:56:44","Almelo","7607PB","Overijssel","Nederland"
"2010-07-02 07:56:44","Heusden","5151ZK","Noord-Brabant","Nederland"
"2010-07-02 07:56:44","Uden","5406AC","Noord-Brabant","Nederland"
"2010-07-02 07:56:44","Vught","5261LT","Noord-Brabant","Nederland"
"2010-07-02 07:56:44","Overbetuwe","6665EA","Gelderland","Nederland"
"2010-07-02 07:56:44","Nijmegen","6537PR","Gelderland","Nederland"
"2010-07-02 07:56:44","Hellevoetsluis","3225PA","Zuid-Holland","Nederland"
"2010-07-02 07:56:44","Gilze en Rijen","5121HT","Noord-Brabant","Nederland"
"2010-07-02 07:56:44","Purmerend","1442EC","Noord-Holland","Nederland"
"2010-07-02 07:56:44","Littenseradiel","8734GL","Friesland","Nederland"
"2010-07-02 07:56:44","Oldenzaal","7577PL","Overijssel","Nederland"
"2010-07-02 07:56:44","Goirle","5052BL","Noord-Brabant","Nederland"
"2010-07-02 07:56:44","Eindhoven","5613CD","Noord-Brabant","Nederland"
"2010-07-02 07:56:44","Breda","4823BJ","Noord-Brabant","Nederland"
"2010-07-02 07:56:44","Duiven","6922EX","Gelderland","Nederland"
"2010-07-02 07:56:44","Rotterdam","3069CA","Zuid-Holland","Nederland"
"2010-07-02 07:56:44","Sittard-Geleen","6131KJ","Limburg","Nederland"
"2010-07-02 07:56:44","Noordoostpolder","8313AG","Flevoland","Nederland"
"2010-07-02 07:56:44","Beverwijk","1949EC","Noord-Holland","Nederland"
"2010-07-02 07:56:44","Deventer","7434PX","Overijssel","Nederland"
"2010-07-02 07:56:44","Sittard-Geleen","6127BC","Limburg","Nederland"
"2010-07-02 07:56:44","Heerhugowaard","1703CG","Noord-Holland","Nederland"
"2010-07-02 07:56:44","Utrecht","3525AR","Utrecht","Nederland"
"2010-07-02 07:56:44","Zoetermeer","2719VG","Zuid-Holland","Nederland"
"2010-07-02 07:56:44","Bernheze","5384BV","Noord-Brabant","Nederland"
"2010-07-02 07:56:44","Marum","9367RM","Groningen","Nederland"
"2010-07-02 07:56:44","Someren","5715AM","Noord-Brabant","Nederland"
"2010-07-02 07:56:44","Eemsmond","9986XM","Groningen","Nederland"
"2010-07-02 07:56:44","Heusden","5154AL","Noord-Brabant","Nederland"
"2010-07-02 07:56:44","Zederik","4128SZ","Zuid-Holland","Nederland"
"2010-07-02 07:56:44","Nijmegen","6523RZ","Gelderland","Nederland"
"2010-07-02 07:56:44","Aalsmeer","1433WB","Noord-Holland","Nederland"
"2010-07-02 07:56:44","Delft","2628SR","Zuid-Holland","Nederland"
"2010-07-02 07:56:44","Steenwijkerland","8376HB","Overijssel","Nederland"
"2010-07-02 07:56:44","Rotterdam","3036PV","Zuid-Holland","Nederland"
"2010-07-02 07:56:44","Rotterdam","3068SV","Zuid-Holland","Nederland"
"2010-07-02 07:56:44","Coevorden","7751CG","Drenthe","Nederland"
"2010-07-02 07:56:44","Sittard-Geleen","6121NE","Limburg","Nederland"
"2010-07-02 07:56:44","Werkendam","4251DT","Noord-Brabant","Nederland"
"2010-07-02 07:56:44","Leiden","2313AB","Zuid-Holland","Nederland"
"2010-07-02 07:56:44","Kapelle","4421GR","Zeeland","Nederland"
"2010-07-02 07:56:44","Hoorn","1689EB","Noord-Holland","Nederland"
"2010-07-02 07:56:44","Enschede","7533WV","Overijssel","Nederland"
"2010-07-02 07:56:44","Oud-Beijerland","3261AK","Zuid-Holland","Nederland"
"2010-07-02 07:56:44","Nederweert","6031TZ","Limburg","Nederland"
"2010-07-02 07:56:44","Oost Gelre","7141KS","Gelderland","Nederland"
"2010-07-02 07:56:44","'s-Gravenhage","2591HB","Zuid-Holland","Nederland"
"2010-07-02 07:56:44","Nuth","6361XG","Limburg","Nederland"
"2010-07-02 07:56:44","Hendrik-Ido-Ambacht","3344PK","Zuid-Holland","Nederland"
"2010-07-02 07:56:44","Den Helder","1788VA","Noord-Holland","Nederland"
"2010-07-02 07:56:44","Rotterdam","3073ED","Zuid-Holland","Nederland"
"2010-07-02 07:56:44","Almere","1319DA","Flevoland","Nederland"
"2010-07-02 07:56:44","Maasgouw","6097NA","Limburg","Nederland"
"2010-07-02 07:56:44","Woerden","3442JE","Utrecht","Nederland"
"2010-07-02 07:56:44","Sneek","8607GM","Friesland","Nederland"
"2010-07-02 07:56:44","Gilze en Rijen","5124RM","Noord-Brabant","Nederland"
"2010-07-02 07:56:44","Binnenmaas","3271BB","Zuid-Holland","Nederland"
"2010-07-02 07:56:44","Sittard-Geleen","6132GN","Limburg","Nederland"
"2010-07-02 07:56:44","Bladel","5527AZ","Noord-Brabant","Nederland"
"2010-07-02 07:56:44","Nunspeet","8071EB","Gelderland","Nederland"
"2010-07-02 07:56:44","Wieringen","1778KZ","Noord-Holland","Nederland"
"2010-07-02 07:56:44","De Wolden","7957AK","Drenthe","Nederland"
"2010-07-02 07:56:44","Arnhem","6835HZ","Gelderland","Nederland"
"2010-07-02 07:56:44","Raalte","8141AB","Overijssel","Nederland"
"2010-07-02 07:56:44","Leek","9356ED","Groningen","Nederland"
"2010-07-02 07:56:44","Tytsjerksteradiel","9256HR","Friesland","Nederland"
"2010-07-02 07:56:44","Kampen","8276AL","Overijssel","Nederland"
"2010-07-02 07:56:44","Loon op Zand","5175CP","Noord-Brabant","Nederland"
"2010-07-02 07:56:44","Tynaarlo","9472WH","Drenthe","Nederland"
"2010-07-02 07:56:44","Emmen","7815VD","Drenthe","Nederland"
"2010-07-02 07:56:44","Steenbergen","4651EB","Noord-Brabant","Nederland"
"2010-07-02 07:56:44","Breda","4824SG","Noord-Brabant","Nederland"
"2010-07-02 07:56:44","Rotterdam","3031XH","Zuid-Holland","Nederland"
"2010-07-02 07:56:44","Venlo","5915HB","Limburg","Nederland"
"2010-07-02 07:56:44","Zwolle","8013TV","Overijssel","Nederland"
"2010-07-02 07:56:44","Enschede","7535BZ","Overijssel","Nederland"
"2010-07-02 07:56:44","Zwolle","8043PD","Overijssel","Nederland"
"2010-07-02 07:56:44","Weststellingwerf","8471VN","Friesland","Nederland"
"2010-07-02 07:56:44","Beek","6191LC","Limburg","Nederland"
"2010-07-02 07:56:44","Steenwijkerland","8331AW","Overijssel","Nederland"
"2010-07-02 07:56:44","Amersfoort","3816AJ","Utrecht","Nederland"
"2010-07-02 07:56:44","Zoeterwoude","2382EA","Zuid-Holland","Nederland"
"2010-07-02 07:56:44","Bernisse","3214CJ","Zuid-Holland","Nederland"
"2010-07-02 07:56:44","Doetinchem","7001CT","Gelderland","Nederland"
"2010-07-02 07:56:44","Nunspeet","8071ZR","Gelderland","Nederland"
"2010-07-02 07:56:44","Steenwijkerland","8341PJ","Overijssel","Nederland"
"2010-07-02 07:56:44","Schiedam","3122TA","Zuid-Holland","Nederland"
"2010-07-02 07:56:44","Enschede","7523HC","Overijssel","Nederland"
"2010-07-02 07:56:44","'s-Hertogenbosch","5241KB","Noord-Brabant","Nederland"
"2010-07-02 07:56:44","Haren","9752AC","Groningen","Nederland"
"2010-07-02 07:56:44","Enschede","7531XG","Overijssel","Nederland"
"2010-07-02 07:56:44","Goes","4462JA","Zeeland","Nederland"
"2010-07-02 07:56:44","Eindhoven","5645GC","Noord-Brabant","Nederland"
"2010-07-02 07:56:44","Haarlemmermeer","2134DE","Noord-Holland","Nederland"
"2010-07-02 07:56:44","Zoetermeer","2721GE","Zuid-Holland","Nederland"
"2010-07-02 07:56:44","Nunspeet","8072BW","Gelderland","Nederland"
"2010-07-02 07:56:44","Gemert-Bakel","5763AP","Noord-Brabant","Nederland"
"2010-07-02 07:56:44","Zaltbommel","5305EA","Gelderland","Nederland"
"2010-07-02 07:56:44","Amsterdam","1098JH","Noord-Holland","Nederland"
"2010-07-02 07:56:44","Sliedrecht","3361BP","Zuid-Holland","Nederland"
"2010-07-02 07:56:44","Almere","1336JG","Flevoland","Nederland"
"2010-07-02 07:56:44","Vlissingen","4383WB","Zeeland","Nederland"
"2010-07-02 07:56:44","Noordwijkerhout","2211AH","Zuid-Holland","Nederland"
"2010-07-02 07:56:44","Hengelo","7551HL","Overijssel","Nederland"
"2010-07-02 07:56:44","Waddinxveen","2741HA","Zuid-Holland","Nederland"
"2010-07-02 07:56:44","Vlist","2821SB","Zuid-Holland","Nederland"
"2010-07-02 07:56:44","Sittard-Geleen","6137XT","Limburg","Nederland"
"2010-07-02 07:56:44","Maastricht","6216TT","Limburg","Nederland"
"2010-07-02 07:56:44","Leeuwarden","8916EL","Friesland","Nederland"
"2010-07-02 07:56:44","Heerenveen","8451CN","Friesland","Nederland"
"2010-07-02 07:56:44","'s-Gravenhage","2573BA","Zuid-Holland","Nederland"
"2010-07-02 07:56:44","Nuenen c.a.","5672ST","Noord-Brabant","Nederland"
"2010-07-02 07:56:44","Enschede","7535DK","Overijssel","Nederland"
"2010-07-02 07:56:44","Goes","4461XS","Zeeland","Nederland"
"2010-07-02 07:56:44","Berkelland","7152BG","Gelderland","Nederland"
"2010-07-02 07:56:44","Leeuwarden","8925GZ","Friesland","Nederland"
"2010-07-02 07:56:44","Breda","4819AA","Noord-Brabant","Nederland"
"2010-07-02 07:56:44","Eindhoven","5653PK","Noord-Brabant","Nederland"
"2010-07-02 07:56:44","Purmerend","1447AS","Noord-Holland","Nederland"
"2010-07-02 07:56:44","Leiden","2332KV","Zuid-Holland","Nederland"
"2010-07-02 07:56:44","Amsterdam","1086WB","Noord-Holland","Nederland"
"2010-07-02 07:56:44","Ede","6711LX","Gelderland","Nederland"
"2010-07-02 07:56:44","'s-Gravenhage","2572HB","Zuid-Holland","Nederland"
"2010-07-02 07:56:44","Rheden","6991DP","Gelderland","Nederland"
"2010-07-02 07:56:44","Oost Gelre","7141EK","Gelderland","Nederland"
"2010-07-02 07:56:44","Rotterdam","3026SJ","Zuid-Holland","Nederland"
"2010-07-02 07:56:44","Zoetermeer","2724TT","Zuid-Holland","Nederland"
"2010-07-02 07:56:44","Oud-Beijerland","3262HL","Zuid-Holland","Nederland"
"2010-07-02 07:56:44","Lopik","3411WN","Utrecht","Nederland"
"2010-07-02 07:56:44","Druten","6651BZ","Gelderland","Nederland"
"2010-07-02 07:56:44","Enschede","7522AH","Overijssel","Nederland"
"2010-07-02 07:56:44","Mill en Sint Hubert","5451PA","Noord-Brabant","Nederland"
"2010-07-02 07:56:44","Wijchen","6634AM","Gelderland","Nederland"
"2010-07-02 07:56:44","Arnhem","6836GA","Gelderland","Nederland"
"2010-07-02 07:56:44","'s-Gravenhage","2597PH","Zuid-Holland","Nederland"
"2010-07-02 07:56:44","Enschede","7542LX","Overijssel","Nederland"
"2010-07-02 07:56:44","Arnhem","6836GA","Gelderland","Nederland"
"2010-07-02 07:56:44","Overbetuwe","6661TW","Gelderland","Nederland"
"2010-07-02 07:56:44","Tubbergen","7651BS","Overijssel","Nederland"
"2010-07-02 07:56:44","Renkum","6871HV","Gelderland","Nederland"
"2010-07-02 07:56:44","Soest","3761AT","Utrecht","Nederland"
"2010-07-02 07:56:44","Renkum","6862XH","Gelderland","Nederland"
"2010-07-02 07:56:44","Dronten","8255CH","Flevoland","Nederland"
"2010-07-02 07:56:44","Zwolle","8017MD","Overijssel","Nederland"
"2010-07-02 07:56:44","Enschede","7522AN","Overijssel","Nederland"
"2010-07-02 07:56:44","Leidschendam-Voorburg","2273AC","Zuid-Holland","Nederland"
"2010-07-02 07:56:44","Lelystad","8212CA","Flevoland","Nederland"
"2010-07-02 07:56:44","Rheden","6991CA","Gelderland","Nederland"
"2010-07-02 07:56:44","Barneveld","3772CC","Gelderland","Nederland"
"2010-07-02 07:56:44","Eindhoven","5632LA","Noord-Brabant","Nederland"
"2010-07-02 07:56:44","Zeewolde","3892BP","Flevoland","Nederland"
"2010-07-02 07:56:44","Amsterdam","1076ED","Noord-Holland","Nederland"
"2010-07-02 07:56:44","Hilversum","1222VC","Noord-Holland","Nederland"
"2010-07-02 07:56:44","Arnhem","6824RC","Gelderland","Nederland"
"2010-07-02 07:56:44","Smallingerland","9203JV","Friesland","Nederland"
"2010-07-02 07:56:44","Venlo","5915PM","Limburg","Nederland"
"2010-07-02 07:56:44","Apeldoorn","7323HW","Gelderland","Nederland"
"2010-07-02 07:56:44","Tholen","4691HS","Zeeland","Nederland"
"2010-07-02 07:56:44","'s-Hertogenbosch","5248AT","Noord-Brabant","Nederland"
"2010-07-02 07:56:44","Gemert-Bakel","5421HA","Noord-Brabant","Nederland"
"2010-07-02 07:56:44","Zaltbommel","5301GZ","Gelderland","Nederland"
"2010-07-02 07:56:44","Den Helder","1788MJ","Noord-Holland","Nederland"
"2010-07-02 07:56:44","'s-Gravenhage","2523GW","Zuid-Holland","Nederland"
"2010-07-02 07:56:44","Amsterdam","1025WK","Noord-Holland","Nederland"
"2010-07-02 07:56:44","Rotterdam","3052AJ","Zuid-Holland","Nederland"
"2010-07-02 07:56:44","Enschede","7544XC","Overijssel","Nederland"
"2010-07-02 07:56:44","Sittard-Geleen","6133WZ","Limburg","Nederland"
"2010-07-02 07:56:44","Heeze-Leende","5595DE","Noord-Brabant","Nederland"
"2010-07-02 07:56:44","Olst-Wijhe","8131DG","Overijssel","Nederland"
"2010-07-02 07:56:44","Borne","7621AZ","Overijssel","Nederland"
"2010-07-02 07:56:44","Culemborg","4103XZ","Gelderland","Nederland"
"2010-07-02 07:56:44","Neerijnen","4061AR","Gelderland","Nederland"
"2010-07-02 07:56:44","Sittard-Geleen","6136AT","Limburg","Nederland"
"2010-07-02 07:56:44","Valkenburg aan de Geul","6301XT","Limburg","Nederland"
"2010-07-02 07:56:44","Lansingerland","2652HJ","Zuid-Holland","Nederland"
"2010-07-02 07:56:44","Breda","4812GE","Noord-Brabant","Nederland"
"2010-07-02 07:56:44","Sluis","4501CT","Zeeland","Nederland"
"2010-07-02 07:56:44","Houten","3991AA","Utrecht","Nederland"
"2010-07-02 07:56:44","Rotterdam","3062EB","Zuid-Holland","Nederland"
"2010-07-02 07:56:44","Dinkelland","7634PS","Overijssel","Nederland"
"2010-07-02 07:56:44","Hengelo","7552HE","Overijssel","Nederland"
"2010-07-02 07:56:44","Veendam","9648AJ","Groningen","Nederland"
"2010-07-02 07:56:44","Baarn","3741GE","Utrecht","Nederland"
"2010-07-02 07:56:44","Beek","6191BJ","Limburg","Nederland"
"2010-07-02 07:56:44","Steenwijkerland","8331HP","Overijssel","Nederland"
"2010-07-02 07:56:44","Wassenaar","2244AD","Zuid-Holland","Nederland"
"2010-07-02 07:56:44","Voorschoten","2252LC","Zuid-Holland","Nederland"
"2010-07-02 07:56:44","Sint-Michielsgestel","5258SG","Noord-Brabant","Nederland"
"2010-07-02 07:56:44","Losser","7582CB","Overijssel","Nederland"
"2010-07-02 07:56:44","Amsterdam","1098KM","Noord-Holland","Nederland"
"2010-07-02 07:56:44","Zaanstad","1507XE","Noord-Holland","Nederland"
"2010-07-02 07:56:44","Zwevegem","8550","West-Vlaanderen","Belgie"
"2010-07-02 07:56:44","Texel","1791GD","Noord-Holland","Nederland"
"2010-07-02 07:56:44","Bladel","5527BM","Noord-Brabant","Nederland"
"2010-07-02 07:56:44","'s-Gravenhage","2592GH","Zuid-Holland","Nederland"
"2010-07-02 07:56:44","Brunssum","6446AK","Limburg","Nederland"
"2010-07-02 07:56:44","Sittard-Geleen","6151GM","Limburg","Nederland"
"2010-07-02 07:56:44","Rotterdam","3071MA","Zuid-Holland","Nederland"
"2010-07-02 07:56:44","Beek","6191PD","Limburg","Nederland"
"2010-07-02 07:56:44","Wijchen","6605HK","Gelderland","Nederland"
"2010-07-02 07:56:44","Arnhem","6841GD","Gelderland","Nederland"
"2010-07-02 07:56:44","Gouda","2807DC","Zuid-Holland","Nederland"
"2010-07-02 07:56:44","Rotterdam","3065GA","Zuid-Holland","Nederland"
"2010-07-02 07:56:44","Noordwijk","2202SP","Zuid-Holland","Nederland"
"2010-07-02 07:56:44","Amersfoort","3814WT","Utrecht","Nederland"
"2010-07-02 07:56:44","Schijndel","5481CP","Noord-Brabant","Nederland"
"2010-07-02 07:56:44","Lokeren","9160","Oost-Vlaanderen","Belgie"
"2010-07-02 07:56:44","Woudrichem","4284EM","Noord-Brabant","Nederland"
"2010-07-02 07:56:44","Nunspeet","8072AL","Gelderland","Nederland"
"2010-07-02 07:56:44","Utrecht","3553SR","Utrecht","Nederland"
"2010-07-02 07:56:44","Rotterdam","3071EE","Zuid-Holland","Nederland"
"2010-07-02 07:56:44","Heemskerk","1963KL","Noord-Holland","Nederland"
"2010-07-02 07:56:44","Rotterdam","3065KC","Zuid-Holland","Nederland"
"2010-07-02 07:56:44","Oud-Beijerland","3262ND","Zuid-Holland","Nederland"
"2010-07-02 07:56:44","Tongeren","B-3700","Limburg","Belgie"
"2010-07-02 07:56:44","Skarsterl","8542AB","Friesland","Nederland"
"2010-07-02 07:56:44","Stein","6129BN","Limburg","Nederland"
"2010-07-02 07:56:44","Bunnik","3981XD","Utrecht","Nederland"
"2010-07-02 07:56:44","Aalsmeer","1431SG","Noord-Holland","Nederland"
"2010-07-02 07:56:44","Almere","1317HP","Flevoland","Nederland"
"2010-07-02 07:56:44","Hoorn","1628TR","Noord-Holland","Nederland"
"2010-07-02 07:56:44","Uden","5403AG","Noord-Brabant","Nederland"
"2010-07-02 07:56:44","Rheden","6881SV","Gelderland","Nederland"
"2010-07-02 07:56:44","Amsterdam","1065VT","Noord-Holland","Nederland"
"2010-07-02 07:56:44","Tynaarlo","9761HJ","Drenthe","Nederland"
"2010-07-02 07:56:44","Ede","6717VT","Gelderland","Nederland"
"2010-07-02 07:56:44","Westerveld","7971BC","Drenthe","Nederland"
"2010-07-02 07:56:44","'s-Gravenhage","2517SC","Zuid-Holland","Nederland"
"2010-07-02 07:56:44","De Ronde Venen","3648HB","Utrecht","Nederland"
"2010-07-02 07:56:44","Delft","2625XR","Zuid-Holland","Nederland"
"2010-07-02 07:56:44","Eindhoven","5611 GE","Noord-Brabant","Nederland"
"2010-07-02 07:56:44","Eindhoven","9999SA","Noord-Brabant","Nederland"
"2010-07-02 07:56:44","Rotterdam","3055PP","Zuid-Holland","Nederland"
"2010-07-02 07:56:44","Huizen","1272HC","Noord-Holland","Nederland"
"2010-07-02 07:56:44","Westerveld","7973KH","Drenthe","Nederland"
"2010-07-02 07:56:44","Binnenmaas","3297BS","Zuid-Holland","Nederland"
"2010-07-02 07:56:44","Heusden","5151KR","Noord-Brabant","Nederland"
"2010-07-02 07:56:44","'s-Gravenhage","2587BB","Zuid-Holland","Nederland"
"2010-07-02 07:56:44","Eindhoven","9999OI","Noord-Brabant","Nederland"
"2010-07-02 07:56:44","Buren","4023AV","Gelderland","Nederland"
"2010-07-02 07:56:44","Almere","1356GA","Flevoland","Nederland"
"2010-07-02 07:56:44","Zeevang","1474MZ","Noord-Holland","Nederland"
"2010-07-02 07:56:44","Geldermalsen","4191GM","Gelderland","Nederland"
"2010-07-02 07:56:44","De Ronde Venen","3641ML","Utrecht","Nederland"
"2010-07-02 07:56:44","Apeldoorn","7339KP","Gelderland","Nederland"
"2010-07-02 07:56:44","'s-Gravenhage","2582EC","Zuid-Holland","Nederland"
"2010-07-02 07:56:44","De Bilt","3731EE","Utrecht","Nederland"
"2010-07-02 07:56:44","Beuningen","6641LT","Gelderland","Nederland"
"2010-07-02 07:56:44","Aa en Hunze","9451KE","Drenthe","Nederland"
"2010-07-02 07:56:44","Dronten","8251VH","Flevoland","Nederland"
"2010-07-02 07:56:44","Rotterdam","3074BC","Zuid-Holland","Nederland"
"2010-07-02 07:56:44","'s-Gravenhage","2573BA","Zuid-Holland","Nederland"
"2010-07-02 07:56:44","Dinkelland","7591VA","Overijssel","Nederland"
"2010-07-02 07:56:44","Moerdijk","4782AH","Noord-Brabant","Nederland"
"2010-07-02 07:56:44","Haarlem","2022RA","Noord-Holland","Nederland"
"2010-07-02 07:56:44","Maastricht","6228XZ","Limburg","Nederland"
"2010-07-02 07:56:44","Utrecht","3522TM","Utrecht","Nederland"
"2010-07-02 07:56:44","Almere","1326CR","Flevoland","Nederland"
"2010-07-02 07:56:44","Heerlen","6431XE","Limburg","Nederland"
"2010-07-02 07:56:44","Kerkrade","6461BS","Limburg","Nederland"
"2010-07-02 07:56:44","Leeuwarden","9089BG","Friesland","Nederland"
"2010-07-02 07:56:44","Roosendaal","4707VK","Noord-Brabant","Nederland"
"2010-07-02 07:56:44","Zundert","4884AB","Noord-Brabant","Nederland"
"2010-07-02 07:56:44","Oude IJsselstreek","7051DM","Gelderland","Nederland"
"2010-07-02 07:56:44","Terneuzen","4537XH","Zeeland","Nederland"
"2010-07-02 07:56:44","Rijssen-Holten","7462BN","Overijssel","Nederland"
"2010-07-02 07:56:44","'s-Gravenhage","2566DA","Zuid-Holland","Nederland"
"2010-07-02 07:56:44","Groningen","9721SW","Groningen","Nederland"
"2010-07-02 07:56:44","Voorschoten","2251CT","Zuid-Holland","Nederland"
"2010-07-02 07:56:44","Oosterhout","4904PW","Noord-Brabant","Nederland"
"2010-07-02 07:56:44","Bellingwedde","9699PG","Groningen","Nederland"
"2010-07-02 07:56:44","Oosterhout","4901KJ","Noord-Brabant","Nederland"
"2010-07-02 07:56:44","Gent","9000","Oost-Vlaanderen","Belgie"
"2010-07-02 07:56:44","Breda","4811CL","Noord-Brabant","Nederland"
"2010-07-02 07:56:44","'s-Gravenhage","2552HW","Zuid-Holland","Nederland"
"2010-07-02 07:56:44","Heerenveen","8444 GH","Friesland","Nederland"
"2010-07-02 07:56:44","Zuidplas","2914AG","Zuid-Holland","Nederland"
"2010-07-02 07:56:44","Asten","5724AC","Noord-Brabant","Nederland"
"2010-07-02 07:56:44","Utrecht","3554GJ","Utrecht","Nederland"
"2010-07-02 07:56:44","Breda","4816BB","Noord-Brabant","Nederland"
"2010-07-02 07:56:44","Diemen","1111CS","Noord-Holland","Nederland"
"2010-07-02 07:56:44","Oost Gelre","7131ER","Gelderland","Nederland"
"2010-07-02 07:56:44","Zevenaar","6901KK","Gelderland","Nederland"
"2010-07-02 07:56:44","Steenwijkerland","8331LB","Overijssel","Nederland"
"2010-07-02 07:56:44","Rotterdam","3021LN","Zuid-Holland","Nederland"
"2010-07-02 07:56:44","Amsterdam","1019KZ","Noord-Holland","Nederland"
"2010-07-02 07:56:44","Nijmegen","6531RR","Gelderland","Nederland"
"2010-07-02 07:56:44","'s-Hertogenbosch","5221GB","Noord-Brabant","Nederland"
"2010-07-02 07:56:44","Weststellingwerf","8471BG","Friesland","Nederland"
"2010-07-02 07:56:44","Drimmelen","4921KM","Noord-Brabant","Nederland"
"2010-07-02 07:56:44","Zwijndrecht","3332CS","Zuid-Holland","Nederland"
"2010-07-02 07:56:44","Curaçao","3355","Curaçao","531"
"2010-07-02 07:56:44","Bernisse","3214CC","Zuid-Holland","Nederland"
"2010-07-02 07:56:44","Hellevoetsluis","3223GE","Zuid-Holland","Nederland"
"2010-07-02 07:56:44","Arnhem","6842BA","Gelderland","Nederland"
"2010-07-02 07:56:44","Turnhout","2300","Antwerpen","Belgie"
"2010-07-02 07:56:44","Geldrop-Mierlo","5664VE","Noord-Brabant","Nederland"
"2010-07-02 07:56:44","Beesel","5953JN","Limburg","Nederland"
"2010-07-02 07:56:44","Kampen","8271TC","Overijssel","Nederland"
"2010-07-02 07:56:44","Ouderkerk","2831AK","Zuid-Holland","Nederland"
"2010-07-02 07:56:44","Deventer","7421GP","Overijssel","Nederland"
"2010-07-02 07:56:44","Tynaarlo","9761JZ","Drenthe","Nederland"
"2010-07-02 07:56:44","Zeewolde","3891DK","Flevoland","Nederland"
"2010-07-02 07:56:44","Margraten","6251NE","Limburg","Nederland"
"2010-07-02 07:56:44","Eindhoven","5644EA","Noord-Brabant","Nederland"
"2010-07-02 07:56:44","Aalst","9300","Oost-Vlaanderen","Belgie"
"2010-07-02 07:56:44","Borger-Odoorn","7872PL","Drenthe","Nederland"
"2010-07-02 07:56:44","Rotterdam","3061ZA","Zuid-Holland","Nederland"
"2010-07-02 07:56:44","Schoonhoven","2871DA","Zuid-Holland","Nederland"
"2010-07-02 07:56:44","Lelystad","8231VW","Flevoland","Nederland"
"2010-07-02 07:56:44","Utrecht","3582CJ","Utrecht","Nederland"
"2010-07-02 07:56:44","Teylingen","2215BG","Zuid-Holland","Nederland"
"2010-07-02 07:56:44","Pijnacker-Nootdorp","2641HC","Zuid-Holland","Nederland"
"2010-07-02 07:56:44","Middelharnis","3241KC","Zuid-Holland","Nederland"
"2010-07-02 07:56:44","Koggenland","1652CV","Noord-Holland","Nederland"
"2010-07-02 07:56:44","Coevorden","7741XM","Drenthe","Nederland"
"2010-07-02 07:56:44","Rotterdam","3027CN","Zuid-Holland","Nederland"
"2010-07-02 07:56:44","Haarlem","2034EG","Noord-Holland","Nederland"
"2010-07-02 07:56:44","Breda","4835CD","Noord-Brabant","Nederland"
"2010-07-02 07:56:44","Smallingerland","9212PS","Friesland","Nederland"
"2010-07-02 07:56:44","Harenkarspel","1744GL","Noord-Holland","Nederland"
"2010-07-02 07:56:44","Hilversum","1217GS","Noord-Holland","Nederland"
"2010-07-02 07:56:44","Mill en Sint Hubert","5451VC","Noord-Brabant","Nederland"
"2010-07-02 07:56:44","Haarlem","2023NN","Noord-Holland","Nederland"
"2010-07-02 07:56:44","Brussel","1000","Brussel","Belgie"
"2010-07-02 07:56:44","Delft","2612XZ","Zuid-Holland","Nederland"
"2010-07-02 07:56:44","Hoogezand-Sappemeer","9607RJ","Groningen","Nederland"
"2010-07-02 07:56:44","Sittard-Geleen","6133AA","Limburg","Nederland"
"2010-07-02 07:56:44","Almere","1333EB","Flevoland","Nederland"
"2010-07-02 07:56:44","Rotterdam","3026RH","Zuid-Holland","Nederland"
"2010-07-02 07:56:44","Amsterdam","1061AN","Noord-Holland","Nederland"
"2010-07-02 07:56:44","Sittard-Geleen","6135GC","Limburg","Nederland"
"2010-07-02 07:56:44","Aalsmeer","1431WE","Noord-Holland","Nederland"
"2010-07-02 07:56:44","Meppel","7943CV","Drenthe","Nederland"
"2010-07-02 07:56:44","Beverwijk","1945TT","Noord-Holland","Nederland"
"2010-07-02 07:56:44","Heemstede","2105TC","Noord-Holland","Nederland"
"2010-07-02 07:56:44","Eindhoven","5642KA","Noord-Brabant","Nederland"
"2010-07-02 07:56:44","Weert","6002TP","Limburg","Nederland"
"2010-07-02 07:56:44","Breda","4826 CW","Noord-Brabant","Nederland"
"2010-07-02 07:56:44","Spijkenisse","3208PA","Zuid-Holland","Nederland"
"2010-07-02 07:56:44","Druten","6652BE","Gelderland","Nederland"
"2010-07-02 07:56:44","Geldrop-Mierlo","5731JH","Noord-Brabant","Nederland"
"2010-07-02 07:56:44","Enschede","7533AS","Overijssel","Nederland"
"2010-07-02 07:56:44","Heusden","5152JB","Noord-Brabant","Nederland"
"2010-07-02 07:56:44","'s-Gravenhage","2525TH","Zuid-Holland","Nederland"
"2010-07-02 07:56:44","Oost Gelre","7135JM","Gelderland","Nederland"
"2010-07-02 07:56:44","Eindhoven","5622CL","Noord-Brabant","Nederland"
"2010-07-02 07:56:44","Enschede","7545LR","Overijssel","Nederland"
"2010-07-02 07:56:44","Rotterdam","3039GA","Zuid-Holland","Nederland"
"2010-07-02 07:56:44","Stein","6181CX","Limburg","Nederland"
"2010-07-02 07:56:44","Son en Breugel","5691HB","Noord-Brabant","Nederland"
"2010-07-02 07:56:44","Muiden","1399VJ","Noord-Holland","Nederland"
"2010-07-02 07:56:44","Opsterland","9244BB","Friesland","Nederland"
"2010-07-02 07:56:44","Deventer","7431BH","Overijssel","Nederland"
"2010-07-02 07:56:44","Den Helder","1788AT","Noord-Holland","Nederland"
"2010-07-02 07:56:44","Haarlemmermeer","1171VZ","Noord-Holland","Nederland"
"2010-07-02 07:56:44","Apeldoorn","7328CA","Gelderland","Nederland"
"2010-07-02 07:56:44","Zijpe","1755NE","Noord-Holland","Nederland"
"2010-07-02 07:56:44","Heeze-Leende","5591VE","Noord-Brabant","Nederland"
"2010-07-02 07:56:44","Heusden","5253AJ","Noord-Brabant","Nederland"
"2010-07-02 07:56:44","Heerenveen","8458BE","Friesland","Nederland"
"2010-07-02 07:56:44","Terneuzen","4532LJ","Zeeland","Nederland"
"2010-07-02 07:56:44","Arnhem","6821JP","Gelderland","Nederland"
"2010-07-02 07:56:44","Wassenaar","2241KR","Zuid-Holland","Nederland"
"2010-07-02 07:56:44","Woerden","3481GH","Utrecht","Nederland"
"2010-07-02 07:56:44","Utrecht","3513AA","Utrecht","Nederland"
"2010-07-02 07:56:44","Enschede","7544XN","Overijssel","Nederland"
"2010-07-02 07:56:44","Rotterdam","3181HE","Zuid-Holland","Nederland"
"2010-07-02 07:56:44","Oude IJsselstreek","7077AP","Gelderland","Nederland"
"2010-07-02 07:56:44","Heerhugowaard","1702PA","Noord-Holland","Nederland"
"2010-07-02 07:56:44","Maasgouw","6051HN","Limburg","Nederland"
"2010-07-02 07:56:44","Heusden","5152JB","Noord-Brabant","Nederland"
"2010-07-02 07:56:44","Geertruidenberg","4942AV","Noord-Brabant","Nederland"
"2010-07-02 07:56:44","Groningen","9737HC","Groningen","Nederland"
"2010-07-02 07:56:44","Eindhoven","5616GB","Noord-Brabant","Nederland"
"2010-07-02 07:56:44","Dronten","8253EA","Flevoland","Nederland"
"2010-07-02 07:56:44","Heusden","5251NE","Noord-Brabant","Nederland"
"2010-07-02 07:56:44","Goirle","5051JP","Noord-Brabant","Nederland"
"2010-07-02 07:56:44","Oud-Beijerland","3261AT","Zuid-Holland","Nederland"
"2010-07-02 07:56:44","Roosendaal","4702RG","Noord-Brabant","Nederland"
"2010-07-02 07:56:44","'s-Gravenhage","2548CJ","Zuid-Holland","Nederland"
"2010-07-02 07:56:44","Kampen","8265GM","Overijssel","Nederland"
"2010-07-02 07:56:44","Rotterdam","3083 AM","Zuid-Holland","Nederland"
"2010-07-02 07:56:44","Ooststellingwerf","8426BZ","Friesland","Nederland"
"2010-07-02 07:56:44","Echt-Susteren","6105AT","Limburg","Nederland"
"2010-07-02 07:56:44","Rijswijk","2282SE","Zuid-Holland","Nederland"
"2010-07-02 07:56:44","Lansingerland","2651XK","Zuid-Holland","Nederland"
"2010-07-02 07:56:44","Haarlemmermeer","2135GJ","Noord-Holland","Nederland"
"2010-07-02 07:56:44","Eindhoven","5631KN","Noord-Brabant","Nederland"
"2010-07-02 07:56:44","Veenendaal","3904LA","Utrecht","Nederland"
"2010-07-02 07:56:44","Texel","1795AL","Noord-Holland","Nederland"
"2010-07-02 07:56:44","Rotterdam","3191VB","Zuid-Holland","Nederland"
"2010-07-02 07:56:44","Arnhem","6846DX","Gelderland","Nederland"
"2010-07-02 07:56:44","Oirschot","5688KB","Noord-Brabant","Nederland"
"2010-07-02 07:56:44","Zeist","3705LW","Utrecht","Nederland"
"2010-07-02 07:56:44","Heusden","5151CL","Noord-Brabant","Nederland"
"2010-07-02 07:56:44","Rotterdam","3075LN","Zuid-Holland","Nederland"
"2010-07-02 07:56:44","Smallingerland","9201XZ","Friesland","Nederland"
"2010-07-02 07:56:44","Venlo","5944EK","Limburg","Nederland"
"2010-07-02 07:56:44","Katwijk","2221NT","Zuid-Holland","Nederland"
"2010-07-02 07:56:44","Kampen","8266AC","Overijssel","Nederland"
"2010-07-02 07:56:44","Echt-Susteren","6101DS","Limburg","Nederland"
"2010-07-02 07:56:44","Sluis","4507BG","Zeeland","Nederland"
"2010-07-02 07:56:44","Maastricht","6211JR","Limburg","Nederland"
"2010-07-02 07:56:44","Lansingerland","2661SR","Zuid-Holland","Nederland"
"2010-07-02 07:56:44","Blaricum","1261MX","Noord-Holland","Nederland"
"2010-07-02 07:56:44","Dinkelland","7635LT","Overijssel","Nederland"
"2010-07-02 07:56:44","Uithoorn","1422WX","Noord-Holland","Nederland"
"2010-07-02 07:56:44","Dronten","8252GJ","Flevoland","Nederland"
"2010-07-02 07:56:44","Zaanstad","1504AS","Noord-Holland","Nederland"
"2010-07-02 07:56:44","Nuenen c.a.","5673AP","Noord-Brabant","Nederland"
"2010-07-02 07:56:44","Lansingerland","2661SR","Zuid-Holland","Nederland"
"2010-07-02 07:56:44","Roerdalen","6065AJ","Limburg","Nederland"
"2010-07-02 07:56:44","Zwijndrecht","3333AB","Zuid-Holland","Nederland"
"2010-07-02 07:56:44","Rotterdam","3061KZ","Zuid-Holland","Nederland"
"2010-07-02 07:56:44","Smallingerland","9203NP","Friesland","Nederland"
"2010-07-02 07:56:44","Zaanstad","1561VB","Noord-Holland","Nederland"
"2010-07-02 07:56:44","Heerenveen","8441BX","Friesland","Nederland"
"2010-07-02 07:56:44","Heusden","5256AB","Noord-Brabant","Nederland"
"2010-07-02 07:56:44","Weststellingwerf","8471AW","Friesland","Nederland"
"2010-07-02 07:56:44","Den Helder","1788BJ","Noord-Holland","Nederland"
"2010-07-02 07:56:44","Hoorn","1689KZ","Noord-Holland","Nederland"
"2010-07-02 07:56:44","Sittard-Geleen","6136KE","Limburg","Nederland"
"2010-07-02 07:56:44","Appingedam","9901CE","Groningen","Nederland"
"2010-07-02 07:56:44","Etten-Leur","4873AL","Noord-Brabant","Nederland"
"2010-07-02 07:56:44","Schiedam","3123CC","Zuid-Holland","Nederland"
"2010-07-02 07:56:44","Utrecht","3554GE","Utrecht","Nederland"
"2010-07-02 07:56:44","Rotterdam","3068KM","Zuid-Holland","Nederland"
"2010-07-02 07:56:44","Rijswijk","2283CP","Zuid-Holland","Nederland"
"2010-07-02 07:56:44","Oldenzaal","7577LL","Overijssel","Nederland"
"2010-07-02 07:56:44","Delfzijl","9932HZ","Groningen","Nederland"
"2010-07-02 07:56:44","Haarlemmermeer","2152BA","Noord-Holland","Nederland"
"2010-07-02 07:56:44","Arnhem","6836MH","Gelderland","Nederland"
"2010-07-02 07:56:44","Sittard-Geleen","6165TV","Limburg","Nederland"
"2010-07-02 07:56:44","Stadskanaal","9502CR","Groningen","Nederland"
"2010-07-02 07:56:44","Berkelland","7161MX","Gelderland","Nederland"
"2010-07-02 07:56:44","Deventer","7415KP","Overijssel","Nederland"
"2010-07-02 07:56:44","Losser","7586AR","Overijssel","Nederland"
"2010-07-02 07:56:44","Heerenveen","8411XL","Friesland","Nederland"
"2010-07-02 07:56:44","Oegstgeest","2341CV","Zuid-Holland","Nederland"
"2010-07-02 07:56:44","Groningen","9732JS","Groningen","Nederland"
"2010-07-02 07:56:44","Echt-Susteren","6114MC","Limburg","Nederland"
"2010-07-02 07:56:44","Dronten","8256BK","Flevoland","Nederland"
"2010-07-02 07:56:44","Roosendaal","4706HM","Noord-Brabant","Nederland"
"2010-07-02 07:56:44","Bergambacht","2861VM","Zuid-Holland","Nederland"
"2010-07-02 07:56:44","Voerendaal","6343RJ","Limburg","Nederland"
"2010-07-02 07:56:44","Nijmegen","6533BL","Gelderland","Nederland"
"2010-07-02 07:56:44","Rotterdam","3077HD","Zuid-Holland","Nederland"
"2010-07-02 07:56:44","Druten","6651XX","Gelderland","Nederland"
"2010-07-02 07:56:44","Den Helder","1785SH","Noord-Holland","Nederland"
"2010-07-02 07:56:44","Son en Breugel","5691CD","Noord-Brabant","Nederland"
"2010-07-02 07:56:44","Enschede","7534JZ","Overijssel","Nederland"
"2010-07-02 07:56:44","De Marne","9964AK","Groningen","Nederland"
"2010-07-02 07:56:44","Dalfsen","7722PM","Overijssel","Nederland"
"2010-07-02 07:56:44","Amsterdam","1024JR","Noord-Holland","Nederland"
"2010-07-02 07:56:44","Dinkelland","7591CX","Overijssel","Nederland"
"2010-07-02 07:56:44","Vlaardingen","3137CR","Zuid-Holland","Nederland"
"2010-07-02 07:56:44","De Ronde Venen","3648HP","Utrecht","Nederland"
"2010-07-02 07:56:44","Borger-Odoorn","7876HA","Drenthe","Nederland"
"2010-07-02 07:56:44","Waddinxveen","2741XL","Zuid-Holland","Nederland"
"2010-07-02 07:56:44","Winterswijk","7101JA","Gelderland","Nederland"
"2010-07-02 07:56:44","Schinnen","6439BG","Limburg","Nederland"
"2010-07-02 07:56:44","Rotterdam","3061EW","Zuid-Holland","Nederland"
"2010-07-02 07:56:44","Sittard-Geleen","6133XM","Limburg","Nederland"
"2010-07-02 07:56:44","Hardenberg","7773DE","Overijssel","Nederland"
"2010-07-02 07:56:44","Tynaarlo","9471JD","Drenthe","Nederland"
"2010-07-02 07:56:44","Tiel","4001DB","Gelderland","Nederland"
"2010-07-02 07:56:44","Haarlemmermeer","2151TA","Noord-Holland","Nederland"
"2010-07-02 07:56:44","Rotterdam","3042GA","Zuid-Holland","Nederland"
"2010-07-02 07:56:44","Pijnacker-Nootdorp","2645HH","Zuid-Holland","Nederland"
"2010-07-02 07:56:44","Ede","6712AB","Gelderland","Nederland"
"2010-07-02 07:56:44","Brielle","3237AK","Zuid-Holland","Nederland"
"2010-07-02 07:56:44","Rotterdam","3039PV","Zuid-Holland","Nederland"
"2010-07-02 07:56:44","Capelle aan den IJssel","2905AB","Zuid-Holland","Nederland"
"2010-07-02 07:56:44","Texel","1797AR","Noord-Holland","Nederland"
"2010-07-02 07:56:44","Utrecht","3451CC","Utrecht","Nederland"
"2010-07-02 07:56:44","Deurne","5751VC","Noord-Brabant","Nederland"
"2010-07-02 07:56:44","Oldenzaal","7572CP","Overijssel","Nederland"
"2010-07-02 07:56:44","Rijssen-Holten","7462XC","Overijssel","Nederland"
"2010-07-02 07:56:44","Sittard-Geleen","6131EP","Limburg","Nederland"
"2010-07-02 07:56:44","Winsum","9774PN","Groningen","Nederland"
"2010-07-02 07:56:44","Sliedrecht","3363CJ","Zuid-Holland","Nederland"
"2010-07-02 07:56:44","De Bilt","3731HB","Utrecht","Nederland"
"2010-07-02 07:56:44","Nijmegen","6522JV","Gelderland","Nederland"
"2010-07-02 07:56:44","Heusden","5256HR","Noord-Brabant","Nederland"
"2010-07-02 07:56:44","Tilburg","5022GE","Noord-Brabant","Nederland"
"2010-07-02 07:56:44","Ede","6713BT","Gelderland","Nederland"
"2010-07-02 07:56:44","Zeewolde","3892CA","Flevoland","Nederland"
"2010-07-02 07:56:44","Roosendaal","4703JA","Noord-Brabant","Nederland"
"2010-07-02 07:56:44","Simpelveld","6351HJ","Limburg","Nederland"
"2010-07-02 07:56:44","Teylingen","2171AZ","Zuid-Holland","Nederland"
"2010-07-02 07:56:44","Zwijndrecht","3332HW","Zuid-Holland","Nederland"
"2010-07-02 07:56:44","Arnhem","6828RM","Gelderland","Nederland"
"2010-07-02 07:56:44","Heeze-Leende","5591NG","Noord-Brabant","Nederland"
"2010-07-02 07:56:44","Cromstrijen","3281JH","Zuid-Holland","Nederland"
"2010-07-02 07:56:44","Boarnsterhim","8491AJ","Friesland","Nederland"
"2010-07-02 07:56:44","Zoetermeer","2725PG","Zuid-Holland","Nederland"
"2010-07-02 07:56:44","Zwartewaterland","8281KN","Overijssel","Nederland"
"2010-07-02 07:56:44","Goes","4461GT","Zeeland","Nederland"
"2010-07-02 07:56:44","het Bildt","9078VE","Friesland","Nederland"
"2010-07-02 07:56:44","Heiloo","1851LB","Noord-Holland","Nederland"
"2010-07-02 07:56:44","Nijmegen","6531CS","Gelderland","Nederland"
"2010-07-02 07:56:44","Enschede","7531EC","Overijssel","Nederland"
"2010-07-02 07:56:44","Dordrecht","3319SC","Zuid-Holland","Nederland"
"2010-07-02 07:56:44","Zeist","3704KC","Utrecht","Nederland"
"2010-07-02 07:56:44","Oosterhout","4909AW","Noord-Brabant","Nederland"
"2010-07-02 07:56:44","Venlo","5951BR","Limburg","Nederland"
"2010-07-02 07:56:44","Oud-Beijerland","3262CL","Zuid-Holland","Nederland"
"2010-07-02 07:56:44","Utrecht","3526AB","Utrecht","Nederland"
"2010-07-02 07:56:44","Waalwijk","5142PG","Noord-Brabant","Nederland"
"2010-07-02 07:56:44","Zwijndrecht","3335BE","Zuid-Holland","Nederland"
"2010-07-02 07:56:44","Skarsterl","8468BJ","Friesland","Nederland"
"2010-07-02 07:56:44","Amersfoort","3818WB","Utrecht","Nederland"
"2010-07-02 07:56:44","Sittard-Geleen","6137AM","Limburg","Nederland"
"2010-07-02 07:56:44","Echt-Susteren","6101MJ","Limburg","Nederland"
"2010-07-02 07:56:44","Valkenburg aan de Geul","6325BD","Limburg","Nederland"
"2010-07-02 07:56:44","De Ronde Venen","3645GR","Utrecht","Nederland"
"2010-07-02 07:56:44","Giessenlanden","4223NJ","Zuid-Holland","Nederland"
"2010-07-02 07:56:44","Stein","6171BS","Limburg","Nederland"
"2010-07-02 07:56:44","Amersfoort","3816LZ","Utrecht","Nederland"
"2010-07-02 07:56:44","Purmerend","1448JJ","Noord-Holland","Nederland"
"2010-07-02 07:56:44","Aa en Hunze","9514CA","Drenthe","Nederland"
"2010-07-02 07:56:44","Huizen","1276NA","Noord-Holland","Nederland"
"2010-07-02 07:56:44","Stein","6181CL","Limburg","Nederland"
"2010-07-02 07:56:44","Renkum","6862CC","Gelderland","Nederland"
"2010-07-02 07:56:44","Leek","9351CG","Groningen","Nederland"
"2010-07-02 07:56:44","Den Helder","1788VA","Noord-Holland","Nederland"
"2010-07-02 07:56:44","Amsterdam","1091AN","Noord-Holland","Nederland"
"2010-07-02 07:56:44","Oosterhout","4904PW","Noord-Brabant","Nederland"
"2010-07-02 07:56:44","Maassluis","3145SX","Zuid-Holland","Nederland"
"2010-07-02 07:56:44","Utrecht","3524HH","Utrecht","Nederland"
"2010-07-02 07:56:44","Rotterdam","3052BT","Zuid-Holland","Nederland"
"2010-07-02 07:56:44","Texel","1794AV","Noord-Holland","Nederland"
"2010-07-02 07:56:44","Lansingerland","2651GS","Zuid-Holland","Nederland"
"2010-07-02 07:56:44","Valkenburg aan de Geul","6301KA","Limburg","Nederland"
"2010-07-02 07:56:44","Zevenaar","6904BE","Gelderland","Nederland"
"2010-07-02 07:56:44","Rotterdam","3191GA","Zuid-Holland","Nederland"
"2010-07-02 07:56:44","Zwolle","8031HL","Overijssel","Nederland"
"2010-07-02 07:56:44","Noordoostpolder","8303JZ","Flevoland","Nederland"
"2010-07-02 07:56:44","Zevenaar","6903DK","Gelderland","Nederland"
"2010-07-02 07:56:44","Borsele","4454BH","Zeeland","Nederland"
"2010-07-02 07:56:44","Zwolle","8017PA","Overijssel","Nederland"
"2010-07-02 07:56:44","Eindhoven","5611 GE","Noord-Brabant","Nederland"
"2010-07-02 07:56:44","Culemborg","4105EA","Gelderland","Nederland"
"2010-07-02 07:56:44","Maastricht","6228GC","Limburg","Nederland"
"2010-07-02 07:56:44","Woudenberg","3931XK","Utrecht","Nederland"
"2010-07-02 07:56:44","Eindhoven","5658LA","Noord-Brabant","Nederland"
"2010-07-02 07:56:44","Noordwijkerhout","2211JN","Zuid-Holland","Nederland"
"2010-07-02 07:56:44","Alkmaar","1824KV","Noord-Holland","Nederland"
"2010-07-02 07:56:44","Groesbeek","6561AR","Gelderland","Nederland"
"2010-07-02 07:56:44","Rotterdam","3073HD","Zuid-Holland","Nederland"
"2010-07-02 07:56:44","Almere","1311PN","Flevoland","Nederland"
"2010-07-02 07:56:44","Zoetermeer","2726SK","Zuid-Holland","Nederland"
"2010-07-02 07:56:44","Oost Gelre","7142HA","Gelderland","Nederland"
"2010-07-02 07:56:44","Aalsmeer","1432JT","Noord-Holland","Nederland"
"2010-07-02 07:56:44","Amstelveen","1187BT","Noord-Holland","Nederland"
"2010-07-02 07:56:44","Huizen","1271VE","Noord-Holland","Nederland"
"2010-07-02 07:56:44","'s-Gravenhage","2526LL","Zuid-Holland","Nederland"
"2010-07-02 07:56:44","Eindhoven","5611 GE","Noord-Brabant","Nederland"